# ************************************************************
# Sequel Ace SQL dump
# Version 3034
#
# https://sequel-ace.com/
# https://github.com/Sequel-Ace/Sequel-Ace
#
# Host: ls-ed52acd835d3b04e8df8a962fff8a5e1f827d6c5.camxrlw6o2ww.us-east-1.rds.amazonaws.com (MySQL 5.7.33-log)
# Database: footballtabledata
# Generation Time: 2021-08-22 01:48:53 +0000
# ************************************************************


/*!40101 SET @OLD_CHARACTER_SET_CLIENT=@@CHARACTER_SET_CLIENT */;
/*!40101 SET @OLD_CHARACTER_SET_RESULTS=@@CHARACTER_SET_RESULTS */;
/*!40101 SET @OLD_COLLATION_CONNECTION=@@COLLATION_CONNECTION */;
SET NAMES utf8mb4;
/*!40014 SET @OLD_FOREIGN_KEY_CHECKS=@@FOREIGN_KEY_CHECKS, FOREIGN_KEY_CHECKS=0 */;
/*!40101 SET @OLD_SQL_MODE='NO_AUTO_VALUE_ON_ZERO', SQL_MODE='NO_AUTO_VALUE_ON_ZERO' */;
/*!40111 SET @OLD_SQL_NOTES=@@SQL_NOTES, SQL_NOTES=0 */;


# Dump of table combination
# ------------------------------------------------------------

DROP TABLE IF EXISTS `combination`;

CREATE TABLE `combination` (
  `comboID` int(11) NOT NULL AUTO_INCREMENT,
  `helmetID` int(11) NOT NULL,
  `jerseyID` int(11) NOT NULL,
  `pantsID` int(11) NOT NULL,
  `cName` varchar(100) DEFAULT NULL,
  `cImage` varchar(100) DEFAULT NULL,
  `cThumb` varchar(100) DEFAULT NULL,
  PRIMARY KEY (`comboID`,`helmetID`,`jerseyID`,`pantsID`),
  KEY `helmetID` (`helmetID`),
  KEY `jerseyID` (`jerseyID`),
  KEY `pantsID` (`pantsID`),
  CONSTRAINT `combination_ibfk_1` FOREIGN KEY (`helmetID`) REFERENCES `helmet` (`helmetID`),
  CONSTRAINT `combination_ibfk_2` FOREIGN KEY (`jerseyID`) REFERENCES `jersey` (`jerseyID`),
  CONSTRAINT `combination_ibfk_3` FOREIGN KEY (`pantsID`) REFERENCES `pants` (`pantsID`)
) ENGINE=InnoDB AUTO_INCREMENT=183 DEFAULT CHARSET=utf8mb4;

LOCK TABLES `combination` WRITE;
/*!40000 ALTER TABLE `combination` DISABLE KEYS */;

INSERT INTO `combination` (`comboID`, `helmetID`, `jerseyID`, `pantsID`, `cName`, `cImage`, `cThumb`)
VALUES
	(1,1,1,1,'2019 egg bowl alternates monochrome maroon maroon/maroon/maroon','https://i.imgur.com/B1n4Te1.png','https://i.imgur.com/VBdFsDf.png'),
	(2,2,2,2,'2019 tk martin alternates all-black mattemaroon/black/black','https://i.imgur.com/5uqCsOL.png','https://i.imgur.com/MoVEFAW.png'),
	(3,35,3,3,'2018 white/white/gray','https://i.imgur.com/oDNb7kO.png','https://i.imgur.com/1Eg22DH.png'),
	(4,2,4,4,'2019 monochrome maroon mattemaroon/maroon/maroon','https://i.imgur.com/JNAZmsS.png','https://i.imgur.com/WdFFgpn.png'),
	(5,35,3,0,'2019 all-white white/white/white','https://i.imgur.com/tMVgq5l.png','https://i.imgur.com/QIENZC5.png'),
	(6,2,3,3,'2019 mattemaroon/white/gray','https://i.imgur.com/jpjZLEE.png','https://i.imgur.com/noS901l.png'),
	(7,35,4,4,'2019 monochrome maroon white/maroon/maroon','https://i.imgur.com/smWWXVs.png','https://i.imgur.com/Lq1ejpy.png'),
	(8,2,3,4,'2019 mattemaroon/white/maroon','https://i.imgur.com/ogft8sp.png','https://i.imgur.com/oRfWiMo.png'),
	(9,35,4,0,'2019 white/maroon/white','https://i.imgur.com/PrQwMiE.png','https://i.imgur.com/MxpkorI.png'),
	(10,3,4,3,'2019 mattemaroon/maroon/gray','https://i.imgur.com/Tv4Ateq.png','https://i.imgur.com/UE70s0p.png'),
	(11,3,5,0,'2019 outback bowl mattemaroon/white/white','https://i.imgur.com/JC8ieiy.png','https://i.imgur.com/1j2sPHD.png'),
	(12,4,6,5,'2018 statesman alternates silver/gray/gray','https://i.imgur.com/cGoEBSg.png','https://i.imgur.com/5aczAUt.png'),
	(13,35,3,0,'2018 all-white white/white/white','https://i.imgur.com/Ix9gws2.png','https://i.imgur.com/fSUHxHw.png'),
	(14,3,4,0,'2018 mattemaroon/maroon/white','https://i.imgur.com/4nyVn7H.png','https://i.imgur.com/2EKL03V.png'),
	(15,5,4,0,'2018 maroon/maroon/white','https://i.imgur.com/I9CIewo.png','https://i.imgur.com/OhOAmjH.png'),
	(16,3,4,4,'2018 monochrome maroon mattemaroon/maroon/maroon','https://i.imgur.com/O0XZSzJ.png','https://i.imgur.com/xLfKvWA.png'),
	(17,3,4,3,'2018 mattemaroon/maroon/gray','https://i.imgur.com/Ts5bIyW.png','https://i.imgur.com/vhRvOE8.png'),
	(18,35,4,0,'2018 white/maroon/white','https://i.imgur.com/KICK28s.png','https://i.imgur.com/K4k9THE.png'),
	(19,3,3,3,'2018 mattemaroon/white/gray','https://i.imgur.com/QvbcsSO.png','https://i.imgur.com/YfeNENw.png'),
	(20,7,4,7,'2017 maroon/maroon/white','https://i.imgur.com/8dExZ3S.png','https://i.imgur.com/ODyhi44.png'),
	(21,7,7,7,'2017 taxslayer bowl maroon/maroon/white','https://i.imgur.com/zZ8eTQj.png','https://i.imgur.com/PIkA1a4.png'),
	(22,7,4,6,'2017 maroon/maroon/gray','https://i.imgur.com/wPy9e3N.png','https://i.imgur.com/eIDZfAd.png'),
	(23,7,3,7,'2017 maroon/white/white','https://i.imgur.com/br2mj4N.png','https://i.imgur.com/JQl8oFE.png'),
	(24,7,3,8,'2017 maroon/white/maroon','https://i.imgur.com/kD11GtG.png','https://i.imgur.com/YWrafbJ.png'),
	(25,35,3,7,'2017 all-white white/white/white','https://i.imgur.com/wyMCS89.png','https://i.imgur.com/RC90cKW.png'),
	(26,6,14,12,'2017 alternates silver/black/black','https://i.imgur.com/mqh3kB5.png','https://i.imgur.com/psh73Og.png'),
	(27,6,13,11,'2017 veterans day monochrome maroon alternates silver/maroon/maroon','https://i.imgur.com/7jSUKTH.png','https://i.imgur.com/DgK4ORR.png'),
	(28,7,8,7,'2016 maroon/maroon/white','https://i.imgur.com/83i1gfE.png','https://i.imgur.com/7TLjpxX.png'),
	(29,7,8,8,'2016 monochrome maroon maroon/maroon/maroon','https://i.imgur.com/osmMOaf.png','https://i.imgur.com/VTsAmgT.png'),
	(30,7,10,8,'2016 st. petersburg bowl monochrome maroon maroon/maroon/maroon','https://i.imgur.com/V68Ojbz.png','https://i.imgur.com/maay6oH.png'),
	(31,7,8,6,'2016 maroon/maroon/gray','https://i.imgur.com/OKxW70G.png','https://i.imgur.com/3TDzdY5.png'),
	(32,6,8,6,'2016 silver/maroon/gray','https://i.imgur.com/SkLDqVO.png','https://i.imgur.com/1wg86sr.png'),
	(33,6,15,10,'2016 alternates silver/black/black','https://i.imgur.com/rRtD5WB.png','https://i.imgur.com/3l1A4W1.png'),
	(34,6,16,9,'2016 patriots alternates silver/white/maroon','https://i.imgur.com/7nC8sDb.png','https://i.imgur.com/FepFusb.png'),
	(35,35,3,7,'2016 all-white white/white/white','https://i.imgur.com/rGYqqVO.png','https://i.imgur.com/D80ncWx.png'),
	(36,7,3,8,'2016 maroon/white/maroon','https://i.imgur.com/b1YiIXu.png','https://i.imgur.com/Lz1hpJn.png'),
	(37,7,3,7,'2016 maroon/white/white','https://i.imgur.com/dm8FDCY.png','https://i.imgur.com/WL4rEF8.png'),
	(38,6,3,7,'2016 silver/white/white','https://i.imgur.com/2JsuuzB.png','https://i.imgur.com/O4yBIfA.png'),
	(39,7,8,6,'2015 maroon/maroon/gray','https://i.imgur.com/sgSCB2b.png','https://i.imgur.com/wMngZAK.png'),
	(40,35,8,14,'2015 white/maroon/white','https://i.imgur.com/skuk1fL.png','https://i.imgur.com/5y8eMHs.png'),
	(41,9,8,14,'2015 maroon/maroon/white','https://i.imgur.com/5p2WrRg.png','https://i.imgur.com/gvydZUI.png'),
	(42,7,8,13,'2015 monochrome maroon maroon/maroon/maroon','https://i.imgur.com/hgFmZEE.png','https://i.imgur.com/CF1cUQe.png'),
	(43,8,14,12,'2015 alternates mattemaroon/black/black','https://i.imgur.com/bagM3UQ.png','https://i.imgur.com/VZCvtcU.png'),
	(44,35,11,14,'2015 all-white white/white/white','https://i.imgur.com/s13N8KM.png','https://i.imgur.com/xnbvgsH.png'),
	(45,8,11,6,'2015 mattemaroon/white/gray','https://i.imgur.com/xADnQCL.png','https://i.imgur.com/MV7NrCX.png'),
	(46,8,11,14,'2015 mattemaroon/white/white','https://i.imgur.com/EaBJ35r.png','https://i.imgur.com/HLeECPS.png'),
	(47,9,11,14,'2015 maroon/white/white','https://i.imgur.com/0xM4d6n.png','https://i.imgur.com/3GkoyNy.png'),
	(48,8,11,13,'2015 mattemaroon/white/maroon','https://i.imgur.com/wcyUC0R.png','https://i.imgur.com/KMwDnwd.png'),
	(49,7,9,6,'2015 belk bowl maroon/maroon/gray','https://i.imgur.com/qzbr43j.png','https://i.imgur.com/34MV05G.png'),
	(50,15,17,15,'2014 dws 100 maroon/maroon/white','https://i.imgur.com/mfS31Jt.png','https://i.imgur.com/BShhMAE.png'),
	(51,14,12,15,'2014 orange bowl mattemaroon/white/white','https://i.imgur.com/f6rIKuo.png','https://i.imgur.com/pAWPOwu.png'),
	(52,16,21,19,'2014 mattemaroon/white/white','https://i.imgur.com/k0gOc1z.png','https://i.imgur.com/f6YAP1g.png'),
	(53,17,22,19,'2014 maroon/maroon/white','https://i.imgur.com/QjcDkXt.png','https://i.imgur.com/6JVm1et.png'),
	(54,15,22,18,'2014 monochrome maroon maroon/maroon/maroon','https://i.imgur.com/csoH3YG.png','https://i.imgur.com/1OG7LGB.png'),
	(55,10,23,15,'2014 egg bowl alternates maroon/white/white','https://i.imgur.com/vJVHyPl.png','https://i.imgur.com/blFzuLT.png'),
	(56,17,22,19,'2013 maroon/maroon/white','https://i.imgur.com/oxApeDT.png','https://i.imgur.com/HGlXO20.png'),
	(57,21,22,19,'2013 bulldog mattemaroon/maroon/white','https://i.imgur.com/oRK8CzN.png','https://i.imgur.com/s8K6UNd.png'),
	(58,17,22,18,'2013 monochrome maroon maroon/maroon/maroon','https://i.imgur.com/sEUrGyz.png','https://i.imgur.com/EU0iUt3.png'),
	(59,17,18,18,'2013 liberty bowl monochrome maroon maroon/maroon/maroon','https://i.imgur.com/ldAwDPf.png','https://i.imgur.com/pKoGCPM.png'),
	(60,16,21,19,'2013 mattemaroon/white/white','https://i.imgur.com/vY9dTRC.png','https://i.imgur.com/gfKi2Vo.png'),
	(61,17,21,19,'2013 maroon/white/white','https://i.imgur.com/jWfyvxL.png','https://i.imgur.com/q779zFv.png'),
	(62,17,21,18,'2013 maroon/white/maroon','https://i.imgur.com/Xjb2ia5.png','https://i.imgur.com/3YimotA.png'),
	(63,11,24,22,'2013 egg bowl alternates monochrome maroon gold/maroon/maroon','https://i.imgur.com/OWERLnv.png','https://i.imgur.com/uLusrvz.png'),
	(64,17,22,19,'2012 nick bell maroon/maroon/white','https://i.imgur.com/Uf3nyD6.png','https://i.imgur.com/B7lWZrP.png'),
	(65,17,22,18,'2012 nick bell monochrome maroon maroon/maroon/maroon','https://i.imgur.com/3IfOnzS.png','https://i.imgur.com/yXt4Biq.png'),
	(66,17,22,21,'2012 nick bell maroon/maroon/gray','https://i.imgur.com/XCdCRTL.png','https://i.imgur.com/NuMAELV.png'),
	(67,17,21,18,'2012 nick bell maroon/white/maroon','https://i.imgur.com/SxWsLHM.png','https://i.imgur.com/9OF0DbL.png'),
	(68,16,21,19,'2012 nick bell mattemaroon/white/white','https://i.imgur.com/qmAXGij.png','https://i.imgur.com/wHWfkxv.png'),
	(69,16,21,18,'2012 nick bell mattemaroon/white/maroon','https://i.imgur.com/aYeVqBY.png','https://i.imgur.com/UM83xP3.png'),
	(70,22,20,20,'2012 nick bell all-white snow bowl alternates white/white/white','https://i.imgur.com/wz1FyxA.png','https://i.imgur.com/mYTYmzZ.png'),
	(71,12,25,16,'2012 nick bell egg bowl alternates mattemaroon/white/white','https://i.imgur.com/j1SZGHM.png','https://i.imgur.com/NDC5B47.png'),
	(72,14,19,21,'2013 nick bell gator bowl alternates mattemaroon/white/gray','https://i.imgur.com/xzTbaxd.png','https://i.imgur.com/yVMxvPK.png'),
	(73,14,28,25,'2011 nick bell music city bowl mattemaroon/white/white','https://i.imgur.com/6EpRSdT.png','https://i.imgur.com/yO2aTeD.png'),
	(74,13,26,17,'2011 nick bell egg bowl alternates monochrome maroon maroon/maroon/maroon','https://i.imgur.com/rIiYuAo.png','https://i.imgur.com/azVXIcz.png'),
	(75,19,29,24,'2011 nick bell alternates maroon/black/maroon','https://i.imgur.com/3okHoJJ.png','https://i.imgur.com/2ZcsIh1.png'),
	(76,19,30,24,'2011 nick bell maroon/white/maroon','https://i.imgur.com/kwBRg1a.png','https://i.imgur.com/T94xgYg.png'),
	(77,18,30,25,'2011 nick bell mattemaroon/white/white','https://i.imgur.com/T1gjrrj.png','https://i.imgur.com/NO3f0Yj.png'),
	(78,18,31,25,'2011 nick bell mattemaroon/maroon/white','https://i.imgur.com/syEnW0g.png','https://i.imgur.com/CvGwtpp.png'),
	(79,19,31,25,'2011 nick bell maroon/maroon/white','https://i.imgur.com/obaBAQc.png','https://i.imgur.com/JE2EMJi.png'),
	(80,20,27,25,'2011 nick bell gator bowl maroon/white/white','https://i.imgur.com/TbxdE1q.png','https://i.imgur.com/eG39y6X.png'),
	(81,20,30,25,'2010 nick bell maroon/white/white','https://i.imgur.com/JuX6W8H.png','https://i.imgur.com/2D3Bttt.png'),
	(82,20,30,24,'2010 nick bell maroon/white/maroon','https://i.imgur.com/QVmToNQ.png','https://i.imgur.com/12Lj1xW.png'),
	(83,20,30,24,'2010 maroon/white/maroon','https://i.imgur.com/lj6Me2g.png','https://i.imgur.com/FqphiuR.png'),
	(84,20,31,25,'2010 nick bell maroon/maroon/white','https://i.imgur.com/ohbsCs1.png','https://i.imgur.com/HTWUjcx.png'),
	(85,20,31,25,'2010 maroon/maroon/white','https://i.imgur.com/Aegk8ax.png','https://i.imgur.com/R1asuuj.png'),
	(86,20,29,23,'2010 alternates maroon/black/black','https://i.imgur.com/6CAoHUe.png','https://i.imgur.com/1PoTnY2.png'),
	(87,20,29,25,'2009 alternates maroon/black/white','https://i.imgur.com/WSSxq4B.png','https://i.imgur.com/6gQWXQt.png'),
	(88,20,30,24,'2009 maroon/white/maroon','https://i.imgur.com/8dC7DeZ.png','https://i.imgur.com/TxSRfyg.png'),
	(89,20,30,25,'2009 maroon/white/white','https://i.imgur.com/XaJgSAl.png','https://i.imgur.com/yg3hEBL.png'),
	(90,20,31,24,'2009 monochrome maroon maroon/maroon/maroon','https://i.imgur.com/zWzDF0P.png','https://i.imgur.com/gQ61eeC.png'),
	(91,20,31,25,'2009 maroon/maroon/white','https://i.imgur.com/mmKLqEn.png','https://i.imgur.com/w7tDtd5.png'),
	(92,24,33,27,'2008 all-white white/white/white','https://i.imgur.com/TwuHa2A.png','https://i.imgur.com/iKh5YwK.png'),
	(93,23,34,26,'2008 bca monochrome maroon white/maroon/maroon','https://i.imgur.com/CuwUieS.png','https://i.imgur.com/8ssGEUG.png'),
	(94,24,34,26,'2006 monochrome maroon white/maroon/maroon','https://i.imgur.com/46gu9Xj.png','https://i.imgur.com/SsSl0Vz.png'),
	(95,24,34,27,'2006 white/maroon/white','https://i.imgur.com/9hYconG.png','https://i.imgur.com/ZPwM0yT.png'),
	(96,24,33,26,'2006 white/white/maroon','https://i.imgur.com/8WS39Ob.png','https://i.imgur.com/Jc9RY0I.png'),
	(97,24,32,26,'2007 liberty bowl monochrome maroon white/maroon/maroon','https://i.imgur.com/e9jQBnP.png','https://i.imgur.com/Bld3Z3x.png'),
	(98,24,33,27,'2007 all-white white/white/white','https://i.imgur.com/iD0H98n.png','https://i.imgur.com/dJ5KUA7.png'),
	(99,24,33,26,'2007 white/white/maroon','https://i.imgur.com/j4QxjbT.png','https://i.imgur.com/zgoToW0.png'),
	(100,24,34,26,'2007 monochrome maroon white/maroon/maroon','https://i.imgur.com/dRQavCX.png','https://i.imgur.com/7OO0uZV.png'),
	(101,24,34,27,'2007 white/maroon/white','https://i.imgur.com/VwkFuuT.png','https://i.imgur.com/4lMMnSa.png'),
	(102,24,33,27,'2004 all-white white/white/white','https://i.imgur.com/7Fw5hiG.png','https://i.imgur.com/H8hY1Vb.png'),
	(103,24,34,27,'2004 white/maroon/white','https://i.imgur.com/WuxvihI.png','https://i.imgur.com/UOGLHAP.png'),
	(104,25,39,29,'2003 number white/maroon/white','https://i.imgur.com/T412erf.png','https://i.imgur.com/sk9Cz6K.png'),
	(105,27,39,29,'2002 maroon/maroon/white','https://i.imgur.com/tsdfl5H.png','https://i.imgur.com/wAiUbNr.png'),
	(106,27,39,28,'2002 monochrome maroon maroon/maroon/maroon','https://i.imgur.com/mcrIG96.png','https://i.imgur.com/2E82dHz.png'),
	(107,27,38,28,'2002 maroon/white/maroon','https://i.imgur.com/fPasK3B.png','https://i.imgur.com/pjcPHrr.png'),
	(108,27,38,29,'2003 maroon/white/white','https://i.imgur.com/PFC7UCe.png','https://i.imgur.com/rTnNmpe.png'),
	(109,26,38,29,'2002 all-white white/white/white','https://i.imgur.com/PbrOOjT.png','https://i.imgur.com/sa1kgPI.png'),
	(110,26,39,29,'2001 white/maroon/white','https://i.imgur.com/MoiigQw.png','https://i.imgur.com/h5vPm7S.png'),
	(111,26,38,29,'2001 all-white white/white/white','https://i.imgur.com/bZZCTQ5.png','https://i.imgur.com/Aq482iq.png'),
	(112,27,38,28,'1998 maroon/white/maroon','https://i.imgur.com/AkRRIJf.png','https://i.imgur.com/7IuzDu5.png'),
	(113,27,39,29,'1998 maroon/maroon/white','https://i.imgur.com/cymaNKV.png','https://i.imgur.com/8no2EcF.png'),
	(114,27,38,29,'1998 maroon/white/white','https://i.imgur.com/g3SEQMO.png','https://i.imgur.com/eQhankw.png'),
	(115,27,37,29,'1999 cotton bowl maroon/white/white','https://i.imgur.com/jEvKG5H.png','https://i.imgur.com/o9Z4Gjo.png'),
	(116,27,36,29,'1999 peach bowl maroon/maroon/white','https://i.imgur.com/dBX9gD4.png','https://i.imgur.com/0Oz9AD4.png'),
	(117,26,35,29,'2000 snow bowl independence bowl white/white/white','https://i.imgur.com/svnHvpN.png','https://i.imgur.com/2L207mx.png'),
	(118,27,39,29,'1997 maroon/maroon/white','https://i.imgur.com/qAmgZsD.png','https://i.imgur.com/CxxaeID.png'),
	(119,27,38,29,'1997 maroon/white/white','https://i.imgur.com/Y0fnORi.png','https://i.imgur.com/2fWWI9e.png'),
	(120,27,38,28,'1997 maroon/white/maroon','https://i.imgur.com/mORvf2Y.png','https://i.imgur.com/Akff9sW.png'),
	(121,27,38,30,'1996 maroon/white/maroon','https://i.imgur.com/4TsHDQh.png','https://i.imgur.com/13iR4Ki.png'),
	(122,27,38,31,'1996 maroon/white/white','https://i.imgur.com/fz8V7lR.png','https://i.imgur.com/NYU8YPq.png'),
	(123,27,39,31,'1996 maroon/maroon/white','https://i.imgur.com/F1N88mt.png','https://i.imgur.com/iBtf0PA.png'),
	(124,28,40,30,'1995 maroon/white/maroon','https://i.imgur.com/yE7o1sX.png','https://i.imgur.com/ORGRHs7.png'),
	(125,28,40,31,'1995 maroon/white/white','https://i.imgur.com/xa8Wcio.png','https://i.imgur.com/2MrhTam.png'),
	(126,28,41,30,'1995 monochrome maroon maroon/maroon/maroon','https://i.imgur.com/UUK6SiH.png','https://i.imgur.com/S83eGtk.png'),
	(127,28,41,31,'1995 maroon/maroon/white','https://i.imgur.com/iVdrlYT.png','https://i.imgur.com/Nr71k34.png'),
	(128,28,42,30,'1995 peach bowl maroon/white/maroon','https://i.imgur.com/ioo7BOg.png','https://i.imgur.com/5C5iv0y.png'),
	(129,28,44,30,'1994 maroon/white/maroon','https://i.imgur.com/TUWG6ti.png','https://i.imgur.com/zmEcdN5.png'),
	(130,28,44,31,'1994 maroon/white/white','https://i.imgur.com/I3a6Omr.png','https://i.imgur.com/rtGfoHU.png'),
	(131,28,45,31,'1994 maroon/maroon/white','https://i.imgur.com/ZyIshZj.png','https://i.imgur.com/ezkHbDL.png'),
	(132,28,44,31,'1993 maroon/white/white','https://i.imgur.com/VgEnmIa.png','https://i.imgur.com/hb4Mw3C.png'),
	(133,28,44,30,'1993 maroon/white/maroon','https://i.imgur.com/kzyuRdW.png','https://i.imgur.com/pQ7O96L.png'),
	(134,28,45,31,'1993 maroon/maroon/white','https://i.imgur.com/t0V4dU3.png','https://i.imgur.com/dn8qJme.png'),
	(135,28,42,30,'1993 peach bowl maroon/white/maroon','https://i.imgur.com/rz6BNZN.png','https://i.imgur.com/rGfMQOp.png'),
	(136,28,44,31,'1992 maroon/white/white','https://i.imgur.com/ohmnhd4.png','https://i.imgur.com/M1SNfCT.png'),
	(137,28,45,31,'1992 maroon/maroon/white','https://i.imgur.com/0EjyWxF.png','https://i.imgur.com/8VgVs5c.png'),
	(138,28,44,31,'1991 maroon/white/white','https://i.imgur.com/PkhO8XW.png','https://i.imgur.com/GT6K9F7.png'),
	(139,28,45,31,'1991 maroon/maroon/white','https://i.imgur.com/PKOIdzK.png','https://i.imgur.com/5DwqVFe.png'),
	(140,28,43,31,'1991 liberty bowl maroon/maroon/white','https://i.imgur.com/PCpIm7Y.png','https://i.imgur.com/wduaCO6.png'),
	(141,28,46,32,'1990 maroon/white/white','https://i.imgur.com/BRjEUQq.png','https://i.imgur.com/ClUNYF1.png'),
	(142,28,47,32,'1990 maroon/maroon/white','https://i.imgur.com/2GCCy6r.png','https://i.imgur.com/WqCrIlU.png'),
	(143,28,48,32,'1989 maroon/white/white','https://i.imgur.com/BRjEUQq.png','https://i.imgur.com/ClUNYF1.png'),
	(144,28,49,32,'1989 maroon/maroon/white','https://i.imgur.com/2GCCy6r.png','https://i.imgur.com/WqCrIlU.png'),
	(145,29,50,34,'1987 maroon/white/white','https://i.imgur.com/tHic6i7.png','https://i.imgur.com/CCsPLll.png'),
	(146,29,50,33,'1987 maroon/white/silver','https://i.imgur.com/1PhEjbH.png','https://i.imgur.com/unjvp29.png'),
	(147,29,51,34,'1987 maroon/maroon/white','https://i.imgur.com/GRej5eP.png','https://i.imgur.com/K5Ewyru.png'),
	(148,29,51,33,'1987 maroon/maroon/silver','https://i.imgur.com/3Soh2sw.png','https://i.imgur.com/eqW3s7U.png'),
	(149,29,50,33,'1986 maroon/white/silver','https://i.imgur.com/TTEXveT.png','https://i.imgur.com/MeWXyou.png'),
	(150,29,51,33,'1986 maroon/maroon/silver','https://i.imgur.com/0O3V6bA.png','https://i.imgur.com/TyxyZML.png'),
	(151,30,53,17,'1985 monochrome maroon maroon/maroon/maroon','https://i.imgur.com/YUIMM5j.png','https://i.imgur.com/zBqLlsD.png'),
	(152,30,52,17,'1984 maroon/white/maroon','https://i.imgur.com/XLNA2dd.png','https://i.imgur.com/QnoaE4U.png'),
	(153,30,53,16,'1984 maroon/maroon/white','https://i.imgur.com/49HWfHN.png','https://i.imgur.com/VTO1pHx.png'),
	(154,30,54,34,'1983 maroon/white/white','https://i.imgur.com/CQKAjkU.png','https://i.imgur.com/xhdwxp2.png'),
	(155,30,55,34,'1983 maroon/maroon/white','https://i.imgur.com/qRmRiOU.png','https://i.imgur.com/bFKOq9o.png'),
	(156,30,56,34,'1982 maroon/white/white','https://i.imgur.com/CQKAjkU.png','https://i.imgur.com/xhdwxp2.png'),
	(157,30,57,34,'1982 maroon/maroon/white','https://i.imgur.com/qRmRiOU.png','https://i.imgur.com/bFKOq9o.png'),
	(158,30,58,34,'1981 maroon/white/white','https://i.imgur.com/CQKAjkU.png','https://i.imgur.com/xhdwxp2.png'),
	(159,30,59,34,'1981 maroon/maroon/white','https://i.imgur.com/qRmRiOU.png','https://i.imgur.com/bFKOq9o.png'),
	(160,30,60,34,'1981 hall of fame bowl maroon/maroon/white','https://i.imgur.com/kNcmINz.png','https://i.imgur.com/5k5jLZl.png'),
	(161,30,61,34,'1980 maroon/white/white','https://i.imgur.com/CQKAjkU.png','https://i.imgur.com/xhdwxp2.png'),
	(162,30,62,34,'1980 maroon/maroon/white','https://i.imgur.com/qRmRiOU.png','https://i.imgur.com/bFKOq9o.png'),
	(163,31,63,34,'1974 sun bowl maroon/maroon/white','https://i.imgur.com/Z8wx42n.png','https://i.imgur.com/nQGgWto.png'),
	(164,32,64,34,'1963 liberty bowl maroon/maroon/white','https://i.imgur.com/nhPb8Zv.png','https://i.imgur.com/UIDaOIO.png'),
	(165,33,65,35,'1941 orange bowl monochrome maroon maroon/maroon/maroon','https://i.imgur.com/IekjVXV.png','https://i.imgur.com/6wniszb.png'),
	(166,34,66,17,'1937 orange bowl monochrome maroon unknown/maroon/maroon','https://i.imgur.com/pSiAjFg.png','https://i.imgur.com/ZhbKh0x.png'),
	(167,35,67,0,'2019 music city bowl all-white white/white/white','https://i.imgur.com/b5ER734.png','https://i.imgur.com/7aBLrD2.png'),
	(168,27,38,28,'2001 maroon/white/maroon','https://i.imgur.com/wny91Qi.png','https://i.imgur.com/d6DlRdn.png'),
	(169,27,39,29,'2001 maroon/maroon/white','https://i.imgur.com/qccu1Ku.png','https://i.imgur.com/sLKho9F.png'),
	(170,15,17,15,'2014 dws 100 usm maroon/maroon/white','https://i.imgur.com/mtNMEeW.png','https://i.imgur.com/FYI3n76.png'),
	(171,5,4,0,'2020 maroon/maroon/white costello','https://i.imgur.com/dxybGE8.png','https://i.imgur.com/sBrzD37.png'),
	(172,5,3,0,'2020 maroon/white/white A','https://i.imgur.com/C3g10DE.png','https://i.imgur.com/JMdVw4z.png'),
	(173,5,4,0,'2020 maroon/maroon/white','https://i.imgur.com/0T8JTuE.png','https://i.imgur.com/TrWiter.png'),
	(174,5,4,4,'2020 monochrome maroon maroon/maroon/maroon','https://i.imgur.com/JiA52H1.png','https://i.imgur.com/3VPi5vq.png'),
	(175,5,3,0,'2020 maroon/white/white B','https://i.imgur.com/XiagMEG.png','https://i.imgur.com/nZjZulA.png'),
	(176,36,68,36,'2020 alternates flyiing m throwbacks white/maroon/white','https://i.imgur.com/c9GLv7A.png','https://i.imgur.com/05XeQPo.png'),
	(177,37,69,37,'2020 alternates all-black black/black/black','https://i.imgur.com/bnVv8gJ.png','https://i.imgur.com/GsbKOay.png'),
	(178,5,3,4,'2020 maroon/white/maroon','https://i.imgur.com/db3BHlr.png','https://i.imgur.com/vAofqN1.png'),
	(179,38,3,0,'2020 all-white white/white/white','https://i.imgur.com/A0FvMSh.png','https://i.imgur.com/DRUQ46v.png'),
	(180,5,4,3,'2020 maroon/maroon/gray','https://i.imgur.com/LDieMKC.png','https://i.imgur.com/ivOfdO2.png'),
	(181,5,4,0,'2020 maroon/maroon/white C','https://i.imgur.com/PZz7Fct.png','https://i.imgur.com/SqhgUXU.png'),
	(182,5,70,4,'2020 armed forces bowl monochrome maroon maroon/maroon/maroon','https://i.imgur.com/92mgukm.png','https://i.imgur.com/GNv9o3l.png');

/*!40000 ALTER TABLE `combination` ENABLE KEYS */;
UNLOCK TABLES;


# Dump of table game
# ------------------------------------------------------------

DROP TABLE IF EXISTS `game`;

CREATE TABLE `game` (
  `gameID` int(11) NOT NULL AUTO_INCREMENT,
  `yr` year(4) DEFAULT NULL,
  `gameday` date DEFAULT NULL,
  `opponentName` varchar(30) DEFAULT NULL,
  `result` varchar(10) DEFAULT NULL,
  `points_for` int(11) DEFAULT NULL,
  `points_against` int(11) DEFAULT NULL,
  `location` varchar(30) DEFAULT NULL,
  `comboID` int(11) NOT NULL,
  `away_helmet` varchar(100) DEFAULT NULL,
  `home_helmet` varchar(100) DEFAULT NULL,
  `article_title` varchar(100) DEFAULT NULL,
  `article_link` varchar(200) DEFAULT NULL,
  PRIMARY KEY (`gameID`,`comboID`),
  KEY `yr` (`yr`),
  KEY `opponentName` (`opponentName`),
  KEY `comboID` (`comboID`),
  CONSTRAINT `game_ibfk_1` FOREIGN KEY (`yr`) REFERENCES `season` (`yr`),
  CONSTRAINT `game_ibfk_2` FOREIGN KEY (`opponentName`) REFERENCES `opponent` (`opponentName`),
  CONSTRAINT `game_ibfk_3` FOREIGN KEY (`comboID`) REFERENCES `combination` (`comboID`)
) ENGINE=InnoDB AUTO_INCREMENT=495 DEFAULT CHARSET=utf8mb4;

LOCK TABLES `game` WRITE;
/*!40000 ALTER TABLE `game` DISABLE KEYS */;

INSERT INTO `game` (`gameID`, `yr`, `gameday`, `opponentName`, `result`, `points_for`, `points_against`, `location`, `comboID`, `away_helmet`, `home_helmet`, `article_title`, `article_link`)
VALUES
	(1,'2019','2019-11-28','Ole Miss','Win',21,20,'home',1,'https://i.imgur.com/qn0oqS2.png','https://i.imgur.com/N7AVXEX.png','Mississippi State Brings Back the Gold, Beats Ole Miss to Keep the Egg','https://www.hailstateunis.com/2019-football-season/mississippi-state-brings-back-the-gold-beats-ole-miss-to-keep-the-egg'),
	(2,'2019','2019-11-23','Abilene Christian','Win',45,7,'home',2,'https://i.imgur.com/1yUEXGF.png','https://i.imgur.com/h2LALZc.png','Bulldogs Win Big on Homecoming in All-Black','https://www.hailstateunis.com/2019-football-season/bulldogs-win-big-on-homecoming-in-all-black'),
	(3,'2018','2018-11-22','Ole Miss','Win',35,3,'road',3,'https://i.imgur.com/lgiwEIe.png','https://i.imgur.com/yGGkG9v.png','Bulldogs Steamroll Ole Miss, Win Back the Egg in White Helmets and Gray Pants','https://www.hailstateunis.com/2018-football-season/bulldogs-steamroll-ole-miss-win-back-the-egg-in-white-helmets-and-gray-pants'),
	(4,'2019','2019-11-16','Alabama','Loss',7,38,'home',4,'https://i.imgur.com/Vz3YOTf.png','https://i.imgur.com/h2LALZc.png','State Falls to Alabama in All-Maroon','https://www.hailstateunis.com/2019-football-season/state-falls-to-alabama-in-all-maroon'),
	(5,'2019','2019-11-02','Arkansas','Win',54,24,'road',5,'https://i.imgur.com/lgiwEIe.png','https://i.imgur.com/SLqlYb5.png','Bulldogs Rout Razorbacks in All White to Snap Losing Streak','https://www.hailstateunis.com/2019-football-season/bulldogs-rout-razorbacks-in-all-white-to-snap-losing-streak'),
	(6,'2019','2019-10-26','Texas A&M','Loss',30,49,'road',6,'https://i.imgur.com/6P7HmCH.png','https://i.imgur.com/unvpNpL.png','Incredible Matte/White/Gray Combination Returns at Texas A&M','https://www.hailstateunis.com/2019-football-season/incredible-mattewhitegray-combination-returns-at-texas-am'),
	(7,'2019','2019-10-19','LSU','Loss',13,36,'home',7,'https://i.imgur.com/Qp5F5WE.png','https://i.imgur.com/6GzqbNU.png','State Goes All-In on Mid-00\'s Vibe with White Helmets, All-Maroon Uniforms Against LSU','https://www.hailstateunis.com/2019-football-season/state-goes-all-in-on-mid-00s-vibe-with-white-helmets-all-maroon-uniforms-against-lsu'),
	(8,'2019','2019-10-12','Tennessee','Loss',10,20,'road',5,'https://i.imgur.com/lgiwEIe.png','https://i.imgur.com/6nZfEWh.png','State\'s All-White Falls to Tennessee\'s Orange Pants','https://www.hailstateunis.com/2019-football-season/states-all-white-falls-to-tennessees-orange-pants'),
	(9,'2019','2019-09-28','Auburn','Loss',23,56,'road',8,'https://i.imgur.com/6P7HmCH.png','https://i.imgur.com/5vU4AwU.png','State Goes with Maroon Pants, Stripe-less Matte Maroon Helmets at Auburn','https://www.hailstateunis.com/2019-football-season/state-goes-with-maroon-pants-stripe-less-matte-maroon-helmets-at-auburn'),
	(10,'2019','2019-09-21','Kentucky','Win',28,13,'home',9,'https://i.imgur.com/66Sm23B.png','https://i.imgur.com/6GzqbNU.png','Mississippi State Beats Kentucky to Remain Undefeated in White Helmets in 2019','https://www.hailstateunis.com/2019-football-season/mississippi-state-beats-kentucky-to-remain-undefeated-in-white-helmets-in-2019'),
	(11,'2019','2019-09-14','Kansas State','Loss',24,31,'home',10,'https://i.imgur.com/JhF28kc.png','https://i.imgur.com/7EQuKJN.png','Matte Maroon Helmets, Gray Pants Make Season Debut Against Kansas State','https://www.hailstateunis.com/2019-football-season/matte-maroon-helmets-gray-pants-make-season-debut-against-kansas-state'),
	(12,'2019','2019-09-07','Southern Miss','Win',38,15,'home',9,'https://i.imgur.com/rhPBiMs.png','https://i.imgur.com/6GzqbNU.png','Mississippi State Wins Home Opener over Southern Miss in White Helmets','https://www.hailstateunis.com/2019-football-season/mississippi-state-wins-home-opener-over-southern-miss-in-white-helmets'),
	(13,'2019','2019-08-31','Louisiana','Win',38,28,'neutral',5,'https://i.imgur.com/lgiwEIe.png','https://i.imgur.com/W5Y6re6.png','Mississippi State Wins Season Opener in New Orleans','https://www.hailstateunis.com/2019-football-season/mississippi-state-wins-season-opener-in-new-orleans'),
	(14,'2018','2019-01-01','Iowa','Loss',22,27,'outbackBowl',11,'https://i.imgur.com/C8DQ5DN.png','https://i.imgur.com/UIpGP0E.png','Bulldogs go with Matte Maroon Helmets, White Jerseys and Pants in Outback Bowl','https://www.hailstateunis.com/2018-football-season/bulldogs-go-with-matte-maroon-helmets-white-jerseys-and-pants-in-outback-bowl'),
	(15,'2018','2018-11-17','Arkansas','Win',52,6,'home',12,'https://i.imgur.com/E4O01Zs.png','https://i.imgur.com/Kr1r9vR.png','Mississippi State Wears \'Statesman\' Alternate Uniforms in 52-6 Thrashing of Arkansas','https://www.hailstateunis.com/2018-football-season/mississippi-state-wears-statesman-alternate-uniforms-in-52-6-trashing-of-arkansas'),
	(16,'2018','2018-11-10','Alabama','Loss',0,24,'road',13,'https://i.imgur.com/lgiwEIe.png','https://i.imgur.com/LazHS0m.png','Bulldog Defense Continues to Excel in All-White at Alabama','https://www.hailstateunis.com/2018-football-season/bulldog-defense-continues-to-excel-in-all-white-at-alabama'),
	(17,'2018','2018-11-03','Louisiana Tech','Win',45,3,'home',14,'https://i.imgur.com/EYoSvdr.png','https://i.imgur.com/7EQuKJN.png','Mississippi State Wins Homecoming Game 45-3 over Louisiana Tech','https://www.hailstateunis.com/2018-football-season/mississippi-state-wins-homecoming-game-45-3-over-louisiana-tech'),
	(18,'2018','2018-10-27','Texas A&M','Win',28,13,'home',16,'https://i.imgur.com/Z5DNKdl.png','https://i.imgur.com/7EQuKJN.png','In All-Maroon, Mississippi State Earns Third Consecutive Win over Texas A&M','https://www.hailstateunis.com/2018-football-season/in-all-maroon-mississippi-state-gets-third-consecutive-win-over-texas-am'),
	(19,'2018','2018-10-20','LSU','Loss',3,19,'road',18,'https://i.imgur.com/lgiwEIe.png','https://i.imgur.com/hXfeq7i.png','LSU\'s Alternates, State\'s New Combo Lead to Unique Uniform Matchup in Baton Rouge','https://www.hailstateunis.com/2018-football-season/lsus-alternates-states-new-combo-lead-to-unique-uniform-matchup-in-baton-rouge'),
	(20,'2018','2018-10-06','Auburn','Win',23,9,'home',14,'https://i.imgur.com/KDuTHBJ.png','https://i.imgur.com/7EQuKJN.png','Bulldogs Top #8 Auburn in Matte-Maroon-White','https://www.hailstateunis.com/2018-football-season/bulldogs-top-8-auburn-in-matte-maroon-white'),
	(21,'2018','2018-09-29','Florida','Loss',6,13,'home',17,'https://i.imgur.com/U3642H2.png','https://i.imgur.com/7EQuKJN.png','Matte-Maroon-Gray Worn Against Florida','https://www.hailstateunis.com/2018-football-season/matte-maroon-gray-worn-against-florida'),
	(22,'2018','2018-09-22','Kentucky','Loss',7,28,'road',19,'https://i.imgur.com/C8DQ5DN.png','https://i.imgur.com/URKOB22.png','Uniforms Look Incredible at Kentucky ​in Matte-White-Gray Combo','https://www.hailstateunis.com/2018-football-season/uniforms-look-incredible-at-kentucky-in-matte-white-gray-combo'),
	(23,'2018','2018-09-15','Louisiana','Win',56,10,'home',14,'https://i.imgur.com/4PKv2eC.png','https://i.imgur.com/7EQuKJN.png','Bulldogs Trounce Ragin Cajuns as Matte Helmets Return','https://www.hailstateunis.com/2018-football-season/bulldogs-trounce-ragin-cajuns-as-matte-helmets-return'),
	(24,'2018','2018-09-08','Kansas State','Win',31,10,'road',13,'https://i.imgur.com/lgiwEIe.png','https://i.imgur.com/ITaypZU.png','Mississippi State Runs All Over Kansas State in 31-10 Road Win','https://www.hailstateunis.com/2018-football-season/mississippi-state-runs-all-over-kansas-state-in-31-10-road-win'),
	(25,'2018','2018-09-01','Stephen F. Austin','Win',63,6,'home',15,'https://i.imgur.com/pQJeOQY.png','https://i.imgur.com/e3vqmWr.png','Mississippi State Opens Joe Moorhead Era with 63-6 Win','https://www.hailstateunis.com/2018-football-season/mississippi-state-opens-joe-moorhead-era-with-63-6-win'),
	(26,'2017','2017-12-30','Louisville','Win',31,27,'gatorBowl',21,'https://i.imgur.com/qEmPPSU.png','https://i.imgur.com/d9XLnOF.png','Bulldogs Win TaxSlayer Bowl over Louisville in M-M-W','https://www.hailstateunis.com/2017-football-season/bulldogs-win-taxslayer-bowl-over-louisville-in-m-m-w'),
	(27,'2017','2017-11-23','Ole Miss','Loss',28,31,'home',22,'https://i.imgur.com/qn0oqS2.png','https://i.imgur.com/d9XLnOF.png','Egg Bowl gets Most Traditional Uni Matchup in Years','https://www.hailstateunis.com/2017-football-season/egg-bowl-gets-most-traditional-uni-matchup-in-years'),
	(28,'2017','2017-11-18','Arkansas','Win',28,21,'road',25,'https://i.imgur.com/lgiwEIe.png','https://i.imgur.com/Ku4hxik.png','Bulldogs Win at Arkansas in All White','https://www.hailstateunis.com/2017-football-season/bulldogs-win-at-arkansas-in-all-white'),
	(29,'2017','2017-11-11','Alabama','Loss',24,31,'home',27,'https://i.imgur.com/uCbMOQb.png','https://i.imgur.com/hh37EKD.png','Mississippi State Wears Veterans Day Alternates Against Alabama','https://www.hailstateunis.com/2017-football-season/mississippi-state-to-wear-veterans-day-alternates-against-alabama'),
	(30,'2017','2017-11-04','UMass','Win',34,23,'home',26,'https://i.imgur.com/5RyO036.png','https://i.imgur.com/hh37EKD.png','Bulldogs Struggle but Beat UMass in 2017 \"Blackout\" Game','https://www.hailstateunis.com/2017-football-season/bulldogs-struggle-but-beat-umass-in-2017-blackout-game'),
	(31,'2017','2017-10-28','Texas A&M','Win',35,14,'road',23,'https://i.imgur.com/5BWyWPs.png','https://i.imgur.com/Gn9E92K.png','Bulldogs Win Big at Texas A&M in Maroon and White','https://www.hailstateunis.com/2017-football-season/bulldogs-win-big-at-texas-am-in-maroon-and-white'),
	(32,'2017','2017-10-21','Kentucky','Win',45,7,'home',20,'https://i.imgur.com/IoLf82L.png','https://i.imgur.com/d9XLnOF.png','Bulldogs go Traditional in Homecoming Win over Kentucky','https://www.hailstateunis.com/2017-football-season/bulldogs-go-traditional-in-homecoming-win-over-kentucky'),
	(33,'2017','2017-10-14','BYU','Win',35,10,'home',22,'https://i.imgur.com/IdR8C6s.png','https://i.imgur.com/d9XLnOF.png','Back at home, Bulldogs best BYU in Maroon-Maroon-Gray','https://www.hailstateunis.com/2017-football-season/back-at-home-bulldogs-best-byu-in-maroon-maroon-gray'),
	(34,'2017','2017-09-30','Auburn','Loss',10,49,'road',24,'https://i.imgur.com/5BWyWPs.png','https://i.imgur.com/5vU4AwU.png','Bulldogs Lose to Auburn in Maroon-White-Maroon','https://www.hailstateunis.com/2017-football-season/bulldogs-lose-to-auburn-in-maroon-white-maroon'),
	(35,'2017','2017-09-23','Georgia','Loss',3,31,'road',25,'https://i.imgur.com/lgiwEIe.png','https://i.imgur.com/4QPm002.png','State Wears All-White in Loss at Georgia','https://www.hailstateunis.com/2017-football-season/state-wears-all-white-in-loss-at-georgia'),
	(36,'2017','2017-09-16','LSU','Win',37,7,'home',22,'https://i.imgur.com/Qp5F5WE.png','https://i.imgur.com/d9XLnOF.png','Bulldogs Dominate LSU 37-7 in Gray Pants','https://www.hailstateunis.com/2017-football-season/bulldogs-dominate-lsu-37-7-in-gray-pants'),
	(37,'2017','2017-09-09','Louisiana Tech','Win',57,21,'road',23,'https://i.imgur.com/5BWyWPs.png','https://i.imgur.com/e942lIY.png','State Looks Good, Wins Big in M/W/W at LA Tech','https://www.hailstateunis.com/2017-football-season/state-looks-good-plays-good-in-mww-at-la-tech'),
	(38,'2017','2017-09-02','Charleston Southern','Win',49,0,'home',20,'https://i.imgur.com/W6c5kgX.png','https://i.imgur.com/d9XLnOF.png','New Maroon Jerseys Make Debut in 49-0 Rout of CSU','https://www.hailstateunis.com/2017-football-season/new-maroon-jerseys-make-debut-in-49-0-rout-of-csu'),
	(39,'2016','2016-12-26','Miami OH','Win',17,16,'stPeteBowl',30,'https://i.imgur.com/0JWFXP3.png','https://i.imgur.com/d9XLnOF.png','Bulldogs Win St. Pete Bowl in all Maroon','https://www.hailstateunis.com/2016-football-season/bulldogs-win-st-pete-bowl-in-all-maroon'),
	(40,'2016','2016-11-26','Ole Miss','Win',55,20,'road',35,'https://i.imgur.com/lgiwEIe.png','https://i.imgur.com/yGGkG9v.png','Bulldogs Dominate Egg Bowl in All White','https://www.hailstateunis.com/2016-football-season/bulldogs-dominate-egg-bowl-in-all-white'),
	(41,'2016','2016-11-19','Arkansas','Loss',42,58,'home',32,'https://i.imgur.com/dEtUOdd.png','https://i.imgur.com/hh37EKD.png','Silver Helmet Magic Runs Out Against Arkansas','https://www.hailstateunis.com/2016-football-season/silver-helmet-magic-runs-out-against-arkansas'),
	(42,'2016','2016-11-12','Alabama','Loss',3,51,'road',36,'https://i.imgur.com/5BWyWPs.png','https://i.imgur.com/sjTZU8r.png','Bulldogs Go With Maroon Helmets and Pants at Alabama','https://www.hailstateunis.com/2016-football-season/bulldogs-go-with-maroon-helmets-and-pants-at-alabama'),
	(43,'2016','2016-11-05','Texas A&M','Win',35,28,'home',33,'https://i.imgur.com/Z5DNKdl.png','https://i.imgur.com/hh37EKD.png','Bulldogs Upset #4 Texas A&M in Black Alternates','https://www.hailstateunis.com/2016-football-season/bulldogs-upset-4-texas-am-in-black-alternates'),
	(44,'2016','2016-10-29','Samford','Win',56,41,'home',28,'https://i.imgur.com/tt4aZmc.png','https://i.imgur.com/d9XLnOF.png','Bulldogs Win In Maroon and White on Homecoming','https://www.hailstateunis.com/2016-football-season/bulldogs-win-in-maroon-and-white-on-homecoming'),
	(45,'2016','2016-10-22','Kentucky','Loss',38,40,'road',35,'https://i.imgur.com/lgiwEIe.png','https://i.imgur.com/sxHVYDw.png','White Helmets Make 2016 Debut at Kentucky','https://www.hailstateunis.com/2016-football-season/white-helmets-make-2016-debut-at-kentucky'),
	(46,'2016','2016-10-14','BYU','Loss',21,28,'road',38,'https://i.imgur.com/YEoLHbR.png','https://i.imgur.com/U4Y7pMP.png','Silver vs Royal in 2OT Showdown in Provo','https://www.hailstateunis.com/2016-football-season/silver-vs-royal-in-2ot-showdown-in-provo'),
	(47,'2016','2016-10-08','Auburn','Loss',14,38,'home',29,'https://i.imgur.com/KDuTHBJ.png','https://i.imgur.com/d9XLnOF.png','Bulldogs Debut New Maroon Pants vs Auburn ','https://www.hailstateunis.com/2016-football-season/bulldogs-debut-new-maroon-pants-vs-auburn'),
	(48,'2016','2016-09-24','UMass','Win',47,35,'neutral',34,'https://i.imgur.com/YEoLHbR.png','https://i.imgur.com/FBGhgBB.png','Bulldogs Beat UMass in Patriots-Style Alternate Uniforms','https://www.hailstateunis.com/2016-football-season/bulldogs-beat-umass-in-patriots-style-alternate-uniforms'),
	(49,'2016','2016-09-17','LSU','Loss',20,23,'road',37,'https://i.imgur.com/5BWyWPs.png','https://i.imgur.com/e44A1IU.png','Bulldogs Debut New White Jerseys at LSU','https://www.hailstateunis.com/2016-football-season/bulldogs-debut-new-white-jerseys-at-lsu'),
	(50,'2016','2016-09-10','South Carolina','Win',27,14,'home',31,'https://i.imgur.com/QGTyuzN.png','https://i.imgur.com/d9XLnOF.png','Bulldogs Bounce Back in Win Over South Carolina','https://www.hailstateunis.com/2016-football-season/bulldogs-bounce-back-in-win-over-south-carolina'),
	(51,'2016','2016-09-03','South Alabama','Loss',21,20,'home',28,'https://i.imgur.com/Mm9CahW.png','https://i.imgur.com/d9XLnOF.png','Bulldogs Upset by South Alabama in 2016 Season Opener','https://www.hailstateunis.com/2016-football-season/bulldogs-upset-by-south-alabama-in-2016-season-opener'),
	(52,'2015','2015-12-30','NC State','Win',51,28,'belkBowl',49,'https://i.imgur.com/2HGefhL.png','https://i.imgur.com/d9XLnOF.png','2015 Belk Bowl: vs NC State- 51-28 Win','https://www.hailstateunis.com/2015-football-season/2015-belk-bowl-vs-nc-state-51-28-win'),
	(53,'2015','2015-11-28','Ole Miss','Loss',27,38,'home',40,'https://i.imgur.com/qn0oqS2.png','https://i.imgur.com/6GzqbNU.png','Week 13: 2015 Egg Bowl- 27-38 Loss','https://www.hailstateunis.com/2015-football-season/week-13-2015-egg-bowl-27-38-loss'),
	(54,'2015','2015-11-21','Arkansas','Win',51,50,'road',45,'https://i.imgur.com/ncV9Hw8.png','https://i.imgur.com/Ku4hxik.png','Week 12: at Arkansas- 51-50 Win ','https://www.hailstateunis.com/2015-football-season/week-12-at-arkansas-51-50-win'),
	(55,'2015','2015-11-14','Alabama','Loss',6,31,'home',39,'https://i.imgur.com/fWng2ur.png','https://i.imgur.com/d9XLnOF.png','Week 11- Alabama- 6-31 Loss','https://www.hailstateunis.com/2015-football-season/week-11-alabama-6-31-loss'),
	(56,'2015','2015-11-05','Missouri','Win',31,13,'road',44,'https://i.imgur.com/lgiwEIe.png','https://i.imgur.com/bKXcs21.png','Week 10: at Missouri- 31-13 Win','https://www.hailstateunis.com/2015-football-season/week-10-at-missouri-31-13-win'),
	(57,'2015','2015-10-24','Kentucky','Win',42,16,'home',43,'https://i.imgur.com/3pTD0FJ.png','https://i.imgur.com/RKTTB4j.png','Week 8- Kentucky- 42-16 Win','https://www.hailstateunis.com/2015-football-season/week-8-kentucky-42-16-win'),
	(58,'2015','2015-10-17','Louisiana Tech','Win',45,20,'home',42,'https://i.imgur.com/2fAmwa7.png','https://i.imgur.com/d9XLnOF.png','Week 7: Louisiana Tech- 45-20 Win','https://www.hailstateunis.com/2015-football-season/week-7-louisiana-tech-45-20-win'),
	(59,'2015','2015-10-10','Troy','Win',45,17,'home',39,'https://i.imgur.com/NJ1gkyP.png','https://i.imgur.com/d9XLnOF.png','Week 6: Troy- 45-17 Win','https://www.hailstateunis.com/2015-football-season/week-6-troy-45-17-win'),
	(60,'2015','2015-10-03','Texas A&M','Loss',17,30,'road',48,'https://i.imgur.com/ncV9Hw8.png','https://i.imgur.com/unvpNpL.png','Week 5: at Texas A&M- 17-30 Loss','https://www.hailstateunis.com/2015-football-season/week-5-at-texas-am-17-30-loss'),
	(61,'2015','2015-09-26','Auburn','Win',17,9,'road',46,'https://i.imgur.com/ncV9Hw8.png','https://i.imgur.com/5vU4AwU.png','Week 4: at Auburn- 17-9 Win','https://www.hailstateunis.com/2015-football-season/week-4-at-auburn-17-9-win'),
	(62,'2015','2015-09-19','Northwestern State','Win',62,13,'home',41,'https://i.imgur.com/iPZhTN2.png','https://i.imgur.com/uMGLWuE.png','Week 3: Northwestern State- 62-13 Win','https://www.hailstateunis.com/2015-football-season/week-3-northwestern-state-62-13-win'),
	(63,'2015','2015-09-12','LSU','Loss',19,21,'home',41,'https://i.imgur.com/Qp5F5WE.png','https://i.imgur.com/uMGLWuE.png','Week 2: LSU- 19-21 Loss','https://www.hailstateunis.com/2015-football-season/week-2-lsu-19-21-loss'),
	(64,'2015','2015-09-05','Southern Miss','Win',34,16,'road',47,'https://i.imgur.com/kdzdJSi.png','https://i.imgur.com/RzqIalA.png','Week 1: at Southern Miss- 34-16 Win','https://www.hailstateunis.com/2015-football-season/week-1-at-southern-miss-34-16-win'),
	(65,'2014','2014-12-31','Georgia Tech','Loss',34,49,'orangeBowl',51,'https://i.imgur.com/ZMl57vX.png','https://i.imgur.com/5Tb14ik.png','2014 Orange Bowl- vs Georgia Tech. 49-34 Loss','https://www.hailstateunis.com/2014-football-season/2014-orange-bowl-vs-georgia-tech-49-34-loss'),
	(66,'2014','2014-11-29','Ole Miss','Loss',17,31,'road',55,'https://i.imgur.com/89ji0uP.png','https://i.imgur.com/asImcGN.png','Week 14- 2014 Egg Bowl. 31-17 Loss','https://www.hailstateunis.com/2014-football-season/week-14-2014-egg-bowl-31-17-loss'),
	(67,'2014','2014-11-22','Vanderbilt','Win',51,0,'home',50,'https://i.imgur.com/vdZNT5b.png','https://i.imgur.com/CnRR4Bl.png','Week 13- Vanderbilt. 51-0 Win','https://www.hailstateunis.com/2014-football-season/week-13-vanderbilt-51-0-win'),
	(68,'2014','2014-11-15','Alabama','Loss',20,25,'road',52,'https://i.imgur.com/s7tWnuJ.png','https://i.imgur.com/xTT7Jvp.png','Week 12- at Alabama. 25-20 Loss','https://www.hailstateunis.com/2014-football-season/week-12-at-alabama-25-20-loss'),
	(69,'2014','2014-11-08','UT Martin','Win',45,16,'home',54,'https://i.imgur.com/ci9ShWC.png','https://i.imgur.com/CnRR4Bl.png','Week 11- UT Martin. 45-16 Win ','https://www.hailstateunis.com/2014-football-season/week-11-ut-martin-45-16-win'),
	(70,'2014','2014-11-01','Arkansas','Win',17,10,'home',50,'https://i.imgur.com/iBR4Zds.png','https://i.imgur.com/CnRR4Bl.png','Week 10- Arkansas. 17-10 Win','https://www.hailstateunis.com/2014-football-season/week-10-arkansas-17-10-win'),
	(71,'2014','2014-10-25','Kentucky','Win',45,31,'road',52,'https://i.imgur.com/s7tWnuJ.png','https://i.imgur.com/1PzBMWc.png','Week 9- at Kentucky. 45-31 Win','https://www.hailstateunis.com/2014-football-season/week-9-at-kentucky-45-31-win'),
	(72,'2014','2014-10-11','Auburn','Win',38,23,'home',50,'https://i.imgur.com/RCUr1HC.png','https://i.imgur.com/CnRR4Bl.png','Week 7- Auburn. 38-23 Win','https://www.hailstateunis.com/2014-football-season/week-7-auburn-38-23-win'),
	(73,'2014','2014-10-04','Texas A&M','Win',48,31,'home',50,'https://i.imgur.com/Q1aitEk.png','https://i.imgur.com/CnRR4Bl.png','Week 6- Texas A&M. 48-31 Win','https://www.hailstateunis.com/2014-football-season/week-6-texas-am-48-31-win'),
	(74,'2014','2014-09-20','LSU','Win',34,29,'road',50,'https://i.imgur.com/6H051mp.png','https://i.imgur.com/4xDulSv.png','Week 4- at LSU. 34-29 Win','https://www.hailstateunis.com/2014-football-season/week-4-at-lsu-34-29-win'),
	(75,'2014','2014-09-13','South Alabama','Win',35,3,'road',52,'https://i.imgur.com/s7tWnuJ.png','https://i.imgur.com/44N0S89.png','Week 3- at South Alabama. 35-3 Win','https://www.hailstateunis.com/2014-football-season/week-3-at-south-alabama-35-3-win'),
	(76,'2014','2014-09-06','UAB','Win',47,34,'home',53,'https://i.imgur.com/9ne7qX3.png','https://i.imgur.com/yLF1zS7.png','Week 2- UAB. 47-34 Win','https://www.hailstateunis.com/2014-football-season/week-2-uab-47-34-win'),
	(77,'2014','2014-08-30','Southern Miss','Win',49,0,'home',170,'https://i.imgur.com/ceSE92H.png','https://i.imgur.com/CnRR4Bl.png','Week 1- Southern Miss. 49-0 Win','https://www.hailstateunis.com/2014-football-season/week-1-southern-miss-49-0-win'),
	(78,'2013','2013-12-31','Rice','Win',44,7,'libertyBowl',59,'https://i.imgur.com/ai8IsiW.png','https://i.imgur.com/yLF1zS7.png','2013 Liberty Bowl: Mississippi State 44 Rice 7','https://www.hailstateunis.com/2013-football-season/2013-liberty-bowl-mississippi-state-44-rice-7'),
	(79,'2013','2013-11-28','Ole Miss','Win',17,10,'home',63,'https://i.imgur.com/kjmaTJf.png','https://i.imgur.com/jMkLDX5.png','Week 12: 2013 Egg Bowl: Ole Miss 10 Mississippi State 17 (OT) ','https://www.hailstateunis.com/2013-football-season/week-12-2013-egg-bowl-ole-miss-10-mississippi-state-17-ot'),
	(80,'2013','2013-11-23','Arkansas','Win',24,17,'road',62,'https://i.imgur.com/GHcwlH4.png','https://i.imgur.com/GVSeIYx.png','Week 11: Mississippi State 24 Arkansas 17 (OT)','https://www.hailstateunis.com/2013-football-season/week-11-mississippi-state-24-arkansas-17-ot'),
	(81,'2013','2013-11-16','Alabama','Loss',7,20,'home',56,'https://i.imgur.com/UuWuDBC.png','https://i.imgur.com/yLF1zS7.png','Week 10: Alabama 20 Mississippi State 7','https://www.hailstateunis.com/2013-football-season/week-10-alabama-20-mississippi-state-7'),
	(82,'2013','2013-11-09','Texas A&M','Loss',41,51,'road',61,'https://i.imgur.com/GHcwlH4.png','https://i.imgur.com/k5BE6Py.png','Week 9: Mississippi State 41 Texas A&M 51','https://www.hailstateunis.com/2013-football-season/week-9-mississippi-state-41-texas-am-51'),
	(83,'2013','2013-11-02','South Carolina','Loss',16,34,'road',60,'https://i.imgur.com/s7tWnuJ.png','https://i.imgur.com/YtP9j3s.png','Week 8: Mississippi State 16 South Carolina 34','https://www.hailstateunis.com/2013-football-season/week-8-mississippi-state-16-south-carolina-34'),
	(84,'2013','2013-10-24','Kentucky','Win',28,22,'home',57,'https://i.imgur.com/gutv0cl.png','https://i.imgur.com/kB5EcFJ.png','Week 7: Kentucky 22 Mississippi State 28','https://www.hailstateunis.com/2013-football-season/week-7-kentucky-22-mississippi-state-28'),
	(85,'2013','2013-10-12','Bowling Green','Win',21,20,'home',58,'https://i.imgur.com/P72xRqI.png','https://i.imgur.com/yLF1zS7.png','Week 6: Bowling Green 20 Mississippi State 21','https://www.hailstateunis.com/2013-football-season/week-6-bowling-green-20-mississippi-state-21'),
	(86,'2013','2013-10-05','LSU','Loss',26,59,'home',56,'https://i.imgur.com/oJwY4Us.png','https://i.imgur.com/yLF1zS7.png','Week 5: LSU 59 Mississippi State 26','https://www.hailstateunis.com/2013-football-season/week-5-lsu-59-mississippi-state-26'),
	(87,'2013','2013-09-21','Troy','Win',62,7,'home',56,'https://i.imgur.com/eB2OD0d.png','https://i.imgur.com/yLF1zS7.png','Week 4: Troy 7 Mississippi State 62','https://www.hailstateunis.com/2013-football-season/week-4-troy-7-mississippi-state-62'),
	(88,'2013','2013-09-14','Auburn','Loss',20,24,'road',60,'https://i.imgur.com/s7tWnuJ.png','https://i.imgur.com/RRfRSxT.png','Week 3: Mississippi State 20 Auburn 24','https://www.hailstateunis.com/2013-football-season/week-3-mississippi-state-20-auburn-24'),
	(89,'2013','2013-09-07','Alcorn State','Win',51,7,'home',56,'https://i.imgur.com/sRCkzkx.png','https://i.imgur.com/yLF1zS7.png','Week 2: Alcorn State 7 Mississippi State 51','https://www.hailstateunis.com/2013-football-season/week-2-alcorn-state-7-mississippi-state-51'),
	(90,'2013','2013-08-31','Oklahoma State','Loss',3,21,'neutral',57,'https://i.imgur.com/Mwb3qnJ.png','https://i.imgur.com/kB5EcFJ.png','Week 1: Mississippi State 3 Oklahoma State 21','https://www.hailstateunis.com/2013-football-season/week-1-mississippi-state-3-oklahoma-state-21'),
	(91,'2012','2013-01-01','Northwestern','Loss',20,34,'gatorBowl',72,'https://i.imgur.com/eMIEVQ1.png','https://i.imgur.com/3yiiCvP.png','2013 Gator Bowl','https://www.hailstateunis.com/2012-football-season/2013-gator-bowl'),
	(92,'2012','2012-11-24','Ole Miss','Loss',24,41,'road',71,'https://i.imgur.com/veq8PN7.png','https://i.imgur.com/asImcGN.png','Mississippi State 24 Ole Miss 41','https://www.hailstateunis.com/2012-football-season/mississippi-state-24-tsun-41'),
	(93,'2012','2012-11-17','Arkansas','Win',45,14,'home',65,'https://i.imgur.com/4y12cp9.png','https://i.imgur.com/yLF1zS7.png','Mississippi State 45 Arkansas 14','https://www.hailstateunis.com/2012-football-season/mississippi-state-45-arkansas-14'),
	(94,'2012','2012-11-10','LSU','Loss',17,37,'road',64,'https://i.imgur.com/GHcwlH4.png','https://i.imgur.com/5bMK0CI.png','Mississippi State 17 LSU 37','https://www.hailstateunis.com/2012-football-season/mississippi-state-17-lsu-37'),
	(95,'2012','2012-11-03','Texas A&M','Loss',13,38,'home',70,'https://i.imgur.com/pDzz50C.png','https://i.imgur.com/mtjCTYm.png','Mississippi State 13 Texas A&M 38','https://www.hailstateunis.com/2012-football-season/mississippi-state-13-texas-am-38'),
	(96,'2012','2012-10-27','Alabama','Loss',7,38,'road',67,'https://i.imgur.com/GHcwlH4.png','https://i.imgur.com/JkXy5Gm.png','Mississippi State 7 Alabama 38','https://www.hailstateunis.com/2012-football-season/mississippi-state-7-alabama-38'),
	(97,'2012','2012-10-20','Middle Tennessee','Win',45,3,'home',64,'https://i.imgur.com/eHD7EYZ.png','https://i.imgur.com/yLF1zS7.png','Mississippi State 45 Middle Tennessee 3','https://www.hailstateunis.com/2012-football-season/mississippi-state-45-middle-tennessee-3'),
	(98,'2012','2012-10-13','Tennessee','Win',41,31,'home',64,'https://i.imgur.com/9gpyZZL.png','https://i.imgur.com/yLF1zS7.png','Mississippi State 41 Tennessee 31','https://www.hailstateunis.com/2012-football-season/mississippi-state-41-tennessee-31'),
	(99,'2012','2012-10-06','Kentucky','Win',27,14,'road',68,'https://i.imgur.com/s7tWnuJ.png','https://i.imgur.com/cEd7CxF.png','Mississippi State 27 Kentucky 14 ','https://www.hailstateunis.com/2012-football-season/mississippi-state-27-kentucky-14'),
	(100,'2012','2012-09-22','South Alabama','Win',30,10,'home',66,'https://i.imgur.com/10DgeKW.png','https://i.imgur.com/yLF1zS7.png','Mississippi State 30 South Alabama 10','https://www.hailstateunis.com/2012-football-season/september-22nd-2012'),
	(101,'2012','2012-09-15','Troy','Win',30,24,'road',69,'https://i.imgur.com/s7tWnuJ.png','https://i.imgur.com/FIQdu6D.png','Mississippi State 30 Troy 24','https://www.hailstateunis.com/2012-football-season/-mississippi-state-30-troy-24'),
	(102,'2012','2012-09-08','Auburn','Win',28,10,'home',65,'https://i.imgur.com/RCUr1HC.png','https://i.imgur.com/yLF1zS7.png','Mississippi State 28 Auburn 10','https://www.hailstateunis.com/2012-football-season/mississippi-state-28-auburn-10'),
	(103,'2012','2012-09-01','Jackson State','Win',56,9,'home',64,'https://i.imgur.com/dAqHkTo.png','https://i.imgur.com/yLF1zS7.png','Mississippi State 56 Jackson State 9','https://www.hailstateunis.com/2012-football-season/mississippi-state-56-jackson-state-9'),
	(104,'2011','2011-12-30','Wake Forest','Win',23,17,'musicCityBowl',73,'https://i.imgur.com/ZMl57vX.png','https://i.imgur.com/eqgfBd5.png','Bowl Game Uniform History','https://www.hailstateunis.com/bowl-game-uniform-history.html'),
	(105,'2011','2011-11-26','Ole Miss','Win',31,3,'home',74,'https://i.imgur.com/nd7Wt3F.png','https://i.imgur.com/AZ7e2eZ.png',NULL,NULL),
	(106,'2011','2011-11-19','Arkansas','Loss',17,44,'road',76,'https://i.imgur.com/AYps5Go.png','https://i.imgur.com/RSLiAmy.png',NULL,NULL),
	(107,'2011','2011-11-12','Alabama','Loss',7,24,'home',79,'https://i.imgur.com/wQGGbUO.png','https://i.imgur.com/MYjdNZB.png',NULL,NULL),
	(108,'2011','2011-11-05','UT Martin','Win',55,17,'home',79,'https://i.imgur.com/zy4YrsR.png','https://i.imgur.com/MYjdNZB.png',NULL,NULL),
	(109,'2011','2011-10-29','Kentucky','Win',28,16,'road',77,'https://i.imgur.com/DVzuuAW.png','https://i.imgur.com/t4xR2r9.png',NULL,NULL),
	(110,'2011','2011-10-15','South Carolina','Loss',12,14,'home',78,'https://i.imgur.com/oZQn5gH.png','https://i.imgur.com/Xiy3EM5.png',NULL,NULL),
	(111,'2011','2011-10-08','UAB','Win',21,3,'road',76,'https://i.imgur.com/AYps5Go.png','https://i.imgur.com/Y0UURK7.png',NULL,NULL),
	(112,'2011','2011-10-01','Georgia','Loss',10,24,'road',77,'https://i.imgur.com/DVzuuAW.png','https://i.imgur.com/4QPm002.png',NULL,NULL),
	(113,'2011','2011-09-24','Louisiana Tech','Win',26,20,'home',75,'https://i.imgur.com/IIG7ghU.png','https://i.imgur.com/MYjdNZB.png',NULL,NULL),
	(114,'2011','2011-09-15','LSU','Loss',6,19,'home',79,'https://i.imgur.com/oJwY4Us.png','https://i.imgur.com/MYjdNZB.png',NULL,NULL),
	(115,'2011','2011-09-10','Auburn','Loss',34,41,'road',76,'https://i.imgur.com/AYps5Go.png','https://i.imgur.com/RRfRSxT.png',NULL,NULL),
	(116,'2011','2011-09-01','Memphis','Win',59,14,'road',76,'https://i.imgur.com/AYps5Go.png','https://i.imgur.com/tfnMxv3.png',NULL,NULL),
	(117,'2010','2011-01-01','Michigan','Win',52,14,'gatorBowl',80,'https://i.imgur.com/M3IlI3J.png','https://i.imgur.com/QxobWVM.png','Bowl Game Uniform History','https://www.hailstateunis.com/bowl-game-uniform-history.html'),
	(118,'2010','2010-11-27','Ole Miss','Win',31,23,'road',81,'https://i.imgur.com/M3IlI3J.png','https://i.imgur.com/asImcGN.png',NULL,NULL),
	(119,'2010','2010-11-20','Arkansas','Loss',31,38,'home',84,'https://i.imgur.com/ARpA5Ee.png','https://i.imgur.com/VR83Xff.png',NULL,NULL),
	(120,'2010','2010-11-13','Alabama','Loss',10,30,'road',82,'https://i.imgur.com/M3IlI3J.png','https://i.imgur.com/omymTFr.png',NULL,NULL),
	(121,'2010','2010-10-30','Kentucky','Win',24,17,'home',85,'https://i.imgur.com/FPjrWiG.png','https://i.imgur.com/VR83Xff.png',NULL,NULL),
	(122,'2010','2010-10-23','UAB','Win',29,24,'home',85,'https://i.imgur.com/Ql0UlbW.png','https://i.imgur.com/VR83Xff.png',NULL,NULL),
	(123,'2010','2010-10-16','Florida','Win',10,7,'road',83,'https://i.imgur.com/M3IlI3J.png','https://i.imgur.com/uVMCcBB.png',NULL,NULL),
	(124,'2010','2010-10-09','Houston','Win',47,24,'road',83,'https://i.imgur.com/M3IlI3J.png','https://i.imgur.com/MXzffEZ.png',NULL,NULL),
	(125,'2010','2010-10-02','Alcorn State','Win',49,16,'home',85,'https://i.imgur.com/a2XNkNo.png','https://i.imgur.com/VR83Xff.png',NULL,NULL),
	(126,'2010','2010-09-25','Georgia','Win',24,12,'home',85,'https://i.imgur.com/NCCoXu1.png','https://i.imgur.com/VR83Xff.png',NULL,NULL),
	(127,'2010','2010-09-18','LSU','Loss',7,29,'road',86,'https://i.imgur.com/M3IlI3J.png','https://i.imgur.com/5bMK0CI.png',NULL,NULL),
	(128,'2010','2010-09-09','Auburn','Loss',14,17,'home',85,'https://i.imgur.com/RCUr1HC.png','https://i.imgur.com/VR83Xff.png',NULL,NULL),
	(129,'2010','2010-09-04','Memphis','Win',49,7,'home',85,'https://i.imgur.com/vXv59gl.png','https://i.imgur.com/VR83Xff.png',NULL,NULL),
	(130,'2009','2009-11-28','Ole Miss','Win',41,27,'home',90,'https://i.imgur.com/nd7Wt3F.png','https://i.imgur.com/VR83Xff.png',NULL,NULL),
	(131,'2009','2009-11-21','Arkansas','Loss',21,42,'road',89,'https://i.imgur.com/M3IlI3J.png','https://i.imgur.com/RSLiAmy.png',NULL,NULL),
	(132,'2009','2009-11-14','Alabama','Loss',3,31,'home',87,'https://i.imgur.com/pSylmRn.png','https://i.imgur.com/VR83Xff.png',NULL,NULL),
	(133,'2009','2009-10-31','Kentucky','Win',31,24,'road',89,'https://i.imgur.com/M3IlI3J.png','https://i.imgur.com/lceTekp.png',NULL,NULL),
	(134,'2009','2009-10-24','Florida','Loss',19,29,'home',90,'https://i.imgur.com/x6tS2zr.png','https://i.imgur.com/VR83Xff.png',NULL,NULL),
	(135,'2009','2009-10-17','Middle Tennessee','Win',27,6,'road',88,'https://i.imgur.com/M3IlI3J.png','https://i.imgur.com/BlwDQVF.png',NULL,NULL),
	(136,'2009','2009-10-10','Houston','Loss',24,31,'home',91,'https://i.imgur.com/vEJFaT6.png','https://i.imgur.com/VR83Xff.png',NULL,NULL),
	(137,'2009','2009-10-03','Georgia Tech','Loss',31,42,'home',91,'https://i.imgur.com/itdU0NJ.png','https://i.imgur.com/VR83Xff.png',NULL,NULL),
	(138,'2009','2009-09-26','LSU','Loss',26,30,'home',89,'https://i.imgur.com/oJwY4Us.png','https://i.imgur.com/VR83Xff.png',NULL,NULL),
	(139,'2009','2009-09-19','Vanderbilt','Win',15,3,'road',88,'https://i.imgur.com/M3IlI3J.png','https://i.imgur.com/4nGMqoD.png',NULL,NULL),
	(140,'2009','2009-09-12','Auburn','Loss',24,49,'road',88,'https://i.imgur.com/M3IlI3J.png','https://i.imgur.com/RRfRSxT.png',NULL,NULL),
	(141,'2009','2009-09-05','Jackson State','Win',45,7,'home',91,'https://i.imgur.com/dAqHkTo.png','https://i.imgur.com/VR83Xff.png',NULL,NULL),
	(142,'2008','2008-11-28','Ole Miss','Loss',0,45,'road',96,'https://i.imgur.com/u4139Lb.png','https://i.imgur.com/k2QyFAj.png',NULL,NULL),
	(143,'2008','2008-11-22','Arkansas','Win',31,28,'home',94,'https://i.imgur.com/ahx3Eow.png','https://i.imgur.com/PkJCWNB.png',NULL,NULL),
	(144,'2008','2008-11-15','Alabama','Loss',7,32,'road',96,'https://i.imgur.com/u4139Lb.png','https://i.imgur.com/5npSt03.png',NULL,NULL),
	(145,'2008','2008-11-01','Kentucky','Loss',13,14,'home',93,'https://i.imgur.com/cJzdEL5.png','https://i.imgur.com/WqfA0pM.png',NULL,NULL),
	(146,'2008','2008-10-25','Middle Tennessee','Win',31,22,'home',94,'https://i.imgur.com/PM25WAj.png','https://i.imgur.com/PkJCWNB.png',NULL,NULL),
	(147,'2008','2008-10-18','Tennessee','Loss',3,34,'road',92,'https://i.imgur.com/u4139Lb.png','https://i.imgur.com/4ANu8kF.png',NULL,NULL),
	(148,'2008','2008-10-11','Vanderbilt','Win',17,14,'home',94,'https://i.imgur.com/3kquake.png','https://i.imgur.com/PkJCWNB.png',NULL,NULL),
	(149,'2008','2008-09-27','LSU','Loss',24,34,'road',94,'https://i.imgur.com/u4139Lb.png','https://i.imgur.com/rsOr4qk.png',NULL,NULL),
	(150,'2008','2008-09-20','Georgia Tech','Loss',7,38,'road',95,'https://i.imgur.com/u4139Lb.png','https://i.imgur.com/wWyX0cZ.png',NULL,NULL),
	(151,'2008','2008-09-13','Auburn','Loss',2,3,'home',94,'https://i.imgur.com/ejRSH63.png','https://i.imgur.com/PkJCWNB.png',NULL,NULL),
	(152,'2008','2008-09-06','SE Louisiana','Win',34,10,'home',95,'https://i.imgur.com/mJX77AD.png','https://i.imgur.com/PkJCWNB.png',NULL,NULL),
	(153,'2008','2008-08-30','Louisiana Tech','Loss',14,22,'road',92,'https://i.imgur.com/u4139Lb.png','https://i.imgur.com/v1mJcrT.png',NULL,NULL),
	(154,'2007','2007-12-29','UCF','Win',10,3,'libertyBowl',97,'https://i.imgur.com/eP3c4LL.png','https://i.imgur.com/PkJCWNB.png','Bowl Game Uniform History','https://www.hailstateunis.com/bowl-game-uniform-history.html'),
	(155,'2007','2007-11-23','Ole Miss','Win',17,14,'home',100,'https://i.imgur.com/Ji5VmMw.png','https://i.imgur.com/PkJCWNB.png',NULL,NULL),
	(156,'2007','2007-11-17','Arkansas','Loss',31,45,'road',98,'https://i.imgur.com/u4139Lb.png','https://i.imgur.com/fjy2Wuu.png',NULL,NULL),
	(157,'2007','2007-11-10','Alabama','Win',17,12,'home',100,'https://i.imgur.com/CMeu9sa.png','https://i.imgur.com/PkJCWNB.png',NULL,NULL),
	(158,'2007','2007-10-27','Kentucky','Win',31,14,'road',98,'https://i.imgur.com/u4139Lb.png','https://i.imgur.com/4zWFnt0.png',NULL,NULL),
	(159,'2007','2007-10-20','West Virginia','Loss',13,38,'road',99,'https://i.imgur.com/u4139Lb.png','https://i.imgur.com/FoSWAxy.png',NULL,NULL),
	(160,'2007','2007-10-13','Tennessee','Loss',21,33,'home',100,'https://i.imgur.com/qQMG9xK.png','https://i.imgur.com/PkJCWNB.png',NULL,NULL),
	(161,'2007','2007-10-06','UAB','Win',30,13,'home',101,'https://i.imgur.com/wXF1lmX.png','https://i.imgur.com/PkJCWNB.png',NULL,NULL),
	(162,'2007','2007-09-29','South Carolina','Loss',21,38,'road',98,'https://i.imgur.com/u4139Lb.png','https://i.imgur.com/6ol0OfJ.png',NULL,NULL),
	(163,'2007','2007-09-22','Gardner-Webb','Win',31,15,'home',101,'https://i.imgur.com/0K4XeEl.png','https://i.imgur.com/PkJCWNB.png',NULL,NULL),
	(164,'2007','2007-09-15','Auburn','Win',19,14,'road',98,'https://i.imgur.com/u4139Lb.png','https://i.imgur.com/4X8jjYq.png',NULL,NULL),
	(165,'2007','2007-09-08','Tulane','Win',38,17,'road',99,'https://i.imgur.com/u4139Lb.png','https://i.imgur.com/KamunZb.png',NULL,NULL),
	(166,'2007','2007-08-30','LSU','Loss',0,45,'home',99,'https://i.imgur.com/LGTwJPs.png','https://i.imgur.com/PkJCWNB.png',NULL,NULL),
	(167,'2006','2006-11-25','Ole Miss','Loss',17,20,'road',96,'https://i.imgur.com/u4139Lb.png','https://i.imgur.com/k2QyFAj.png',NULL,NULL),
	(168,'2006','2006-11-18','Arkansas','Loss',14,28,'home',94,'https://i.imgur.com/ahx3Eow.png','https://i.imgur.com/PkJCWNB.png',NULL,NULL),
	(169,'2006','2006-11-04','Alabama','Win',24,16,'road',96,'https://i.imgur.com/u4139Lb.png','https://i.imgur.com/5npSt03.png',NULL,NULL),
	(170,'2006','2006-10-28','Kentucky','Loss',31,34,'home',94,'https://i.imgur.com/cJzdEL5.png','https://i.imgur.com/PkJCWNB.png',NULL,NULL),
	(171,'2006','2006-10-21','Georgia','Loss',24,27,'road',96,'https://i.imgur.com/u4139Lb.png','https://i.imgur.com/q7sDL0d.png',NULL,NULL),
	(172,'2006','2006-10-14','Jacksonville State','Win',35,3,'home',95,'https://i.imgur.com/qnYicS4.png','https://i.imgur.com/PkJCWNB.png',NULL,NULL),
	(173,'2006','2006-10-07','West Virginia','Loss',14,42,'home',95,'https://i.imgur.com/KkvHITw.png','https://i.imgur.com/PkJCWNB.png',NULL,NULL),
	(174,'2006','2006-09-30','LSU','Loss',17,48,'road',95,'https://i.imgur.com/u4139Lb.png','https://i.imgur.com/rsOr4qk.png',NULL,NULL),
	(175,'2006','2006-09-23','UAB','Win',16,10,'road',96,'https://i.imgur.com/u4139Lb.png','https://i.imgur.com/mqn2CBW.png',NULL,NULL),
	(176,'2006','2006-09-16','Tulane','Loss',29,32,'home',95,'https://i.imgur.com/RKNRWeb.png','https://i.imgur.com/PkJCWNB.png',NULL,NULL),
	(177,'2006','2006-09-09','Auburn','Loss',0,36,'home',96,'https://i.imgur.com/ejRSH63.png','https://i.imgur.com/PkJCWNB.png',NULL,NULL),
	(178,'2006','2006-08-31','South Carolina','Loss',0,15,'home',96,'https://i.imgur.com/bHpQyn4.png','https://i.imgur.com/PkJCWNB.png',NULL,NULL),
	(179,'2005','2005-11-26','Ole Miss','Win',35,14,'home',103,'https://i.imgur.com/Ji5VmMw.png','https://i.imgur.com/PkJCWNB.png',NULL,NULL),
	(180,'2005','2005-11-19','Arkansas','Loss',10,44,'road',102,'https://i.imgur.com/u4139Lb.png','https://i.imgur.com/fjy2Wuu.png',NULL,NULL),
	(181,'2005','2005-11-05','Alabama','Loss',0,17,'home',103,'https://i.imgur.com/CMeu9sa.png','https://i.imgur.com/PkJCWNB.png',NULL,NULL),
	(182,'2005','2005-10-29','Kentucky','Loss',7,13,'road',102,'https://i.imgur.com/u4139Lb.png','https://i.imgur.com/4zWFnt0.png',NULL,NULL),
	(183,'2005','2005-10-22','Houston','Loss',16,28,'home',103,'https://i.imgur.com/1l09IOn.png','https://i.imgur.com/PkJCWNB.png',NULL,NULL),
	(184,'2005','2005-10-08','Florida','Loss',9,35,'road',102,'https://i.imgur.com/u4139Lb.png','https://i.imgur.com/prt2bar.png',NULL,NULL),
	(185,'2005','2005-10-01','LSU','Loss',7,37,'home',103,'https://i.imgur.com/LGTwJPs.png','https://i.imgur.com/PkJCWNB.png',NULL,NULL),
	(186,'2005','2005-09-24','Georgia','Loss',10,23,'home',103,'https://i.imgur.com/BmDxWQH.png','https://i.imgur.com/PkJCWNB.png',NULL,NULL),
	(187,'2005','2005-09-17','Tulane','Win',21,14,'neutral',103,'https://i.imgur.com/neLZRp5.png','https://i.imgur.com/PkJCWNB.png',NULL,NULL),
	(188,'2005','2005-09-10','Auburn','Loss',0,28,'road',102,'https://i.imgur.com/u4139Lb.png','https://i.imgur.com/4X8jjYq.png',NULL,NULL),
	(189,'2005','2005-09-03','Murray State','Win',38,6,'home',103,'https://i.imgur.com/AEqr0pI.png','https://i.imgur.com/PkJCWNB.png',NULL,NULL),
	(190,'2004','2004-11-27','Ole Miss','Loss',3,20,'road',102,'https://i.imgur.com/u4139Lb.png','https://i.imgur.com/k2QyFAj.png',NULL,NULL),
	(191,'2004','2004-11-20','Arkansas','Loss',21,24,'home',103,'https://i.imgur.com/ahx3Eow.png','https://i.imgur.com/PkJCWNB.png',NULL,NULL),
	(192,'2004','2004-11-06','Alabama','Loss',14,30,'road',102,'https://i.imgur.com/u4139Lb.png','https://i.imgur.com/5npSt03.png',NULL,NULL),
	(193,'2004','2004-10-30','Kentucky','Win',22,7,'home',103,'https://i.imgur.com/cJzdEL5.png','https://i.imgur.com/PkJCWNB.png',NULL,NULL),
	(194,'2004','2004-10-23','Florida','Win',38,31,'home',103,'https://i.imgur.com/LovCmnY.png','https://i.imgur.com/PkJCWNB.png',NULL,NULL),
	(195,'2004','2004-10-09','UAB','Loss',13,27,'home',103,'https://i.imgur.com/wXF1lmX.png','https://i.imgur.com/PkJCWNB.png',NULL,NULL),
	(196,'2004','2004-10-02','Vanderbilt','Loss',13,31,'road',102,'https://i.imgur.com/u4139Lb.png','https://i.imgur.com/iCbxKJb.png',NULL,NULL),
	(197,'2004','2004-09-18','Maine','Loss',7,9,'home',103,'https://i.imgur.com/wdgLP5B.png','https://i.imgur.com/PkJCWNB.png',NULL,NULL),
	(198,'2004','2004-09-25','LSU','Loss',0,51,'road',103,'https://i.imgur.com/u4139Lb.png','https://i.imgur.com/rsOr4qk.png',NULL,NULL),
	(199,'2004','2004-09-11','Auburn','Loss',14,43,'home',103,'https://i.imgur.com/ejRSH63.png','https://i.imgur.com/PkJCWNB.png',NULL,NULL),
	(200,'2004','2004-09-04','Tulane','Win',28,7,'home',103,'https://i.imgur.com/RKNRWeb.png','https://i.imgur.com/PkJCWNB.png',NULL,NULL),
	(201,'2003','2003-11-27','Ole Miss','Loss',0,31,'home',104,'https://i.imgur.com/Ji5VmMw.png','https://i.imgur.com/SFWnj5o.png',NULL,NULL),
	(202,'2003','2003-11-22','Arkansas','Loss',6,52,'road',107,'https://i.imgur.com/yKxAenk.png','https://i.imgur.com/fjy2Wuu.png',NULL,NULL),
	(203,'2003','2003-11-15','Tennessee','Loss',21,59,'road',108,'https://i.imgur.com/yKxAenk.png','https://i.imgur.com/4ANu8kF.png',NULL,NULL),
	(204,'2003','2003-11-08','Alabama','Loss',0,38,'home',105,'https://i.imgur.com/CMeu9sa.png','https://i.imgur.com/pltB5Yf.png',NULL,NULL),
	(205,'2003','2003-10-25','Kentucky','Loss',17,42,'road',107,'https://i.imgur.com/yKxAenk.png','https://i.imgur.com/4zWFnt0.png',NULL,NULL),
	(206,'2003','2003-10-18','Auburn','Loss',13,45,'road',107,'https://i.imgur.com/yKxAenk.png','https://i.imgur.com/4X8jjYq.png',NULL,NULL),
	(207,'2003','2003-10-11','Memphis','Win',35,27,'home',105,'https://i.imgur.com/5D7pByZ.png','https://i.imgur.com/pltB5Yf.png',NULL,NULL),
	(208,'2003','2003-10-04','Vanderbilt','Win',30,21,'home',105,'https://i.imgur.com/3kquake.png','https://i.imgur.com/pltB5Yf.png',NULL,NULL),
	(209,'2003','2003-09-27','LSU','Loss',6,41,'home',106,'https://i.imgur.com/LGTwJPs.png','https://i.imgur.com/pltB5Yf.png',NULL,NULL),
	(210,'2003','2003-09-20','Houston','Loss',35,42,'road',107,'https://i.imgur.com/yKxAenk.png','https://i.imgur.com/8X9EFjv.png',NULL,NULL),
	(211,'2003','2003-09-13','Tulane','Loss',28,31,'road',107,'https://i.imgur.com/yKxAenk.png','https://i.imgur.com/KamunZb.png',NULL,NULL),
	(212,'2003','2003-08-30','Oregon','Loss',34,42,'home',108,'https://i.imgur.com/fFtUIzA.png','https://i.imgur.com/pltB5Yf.png',NULL,NULL),
	(213,'2002','2002-11-28','Ole Miss','Loss',12,24,'road',109,'https://i.imgur.com/kytC827.png','https://i.imgur.com/k2QyFAj.png',NULL,NULL),
	(214,'2002','2002-11-23','Arkansas','Loss',19,26,'home',105,'https://i.imgur.com/ahx3Eow.png','https://i.imgur.com/pltB5Yf.png',NULL,NULL),
	(215,'2002','2002-11-16','Tennessee','Loss',17,35,'home',105,'https://i.imgur.com/qQMG9xK.png','https://i.imgur.com/pltB5Yf.png',NULL,NULL),
	(216,'2002','2002-11-09','Alabama','Loss',14,28,'road',107,'https://i.imgur.com/yKxAenk.png','https://i.imgur.com/5npSt03.png',NULL,NULL),
	(217,'2002','2002-11-02','Kentucky','Loss',24,45,'home',105,'https://i.imgur.com/cJzdEL5.png','https://i.imgur.com/pltB5Yf.png',NULL,NULL),
	(218,'2002','2002-10-19','Memphis','Win',29,17,'road',107,'https://i.imgur.com/yKxAenk.png','https://i.imgur.com/ixRTrVT.png',NULL,NULL),
	(219,'2002','2002-10-12','Troy','Win',11,8,'home',105,'https://i.imgur.com/CrYgwsa.png','https://i.imgur.com/pltB5Yf.png',NULL,NULL),
	(220,'2002','2002-10-05','South Carolina','Loss',10,34,'road',107,'https://i.imgur.com/yKxAenk.png','https://i.imgur.com/6ol0OfJ.png',NULL,NULL),
	(221,'2002','2002-09-28','LSU','Loss',13,31,'road',105,'https://i.imgur.com/yKxAenk.png','https://i.imgur.com/rsOr4qk.png',NULL,NULL),
	(222,'2002','2002-09-19','Auburn','Loss',14,42,'home',106,'https://i.imgur.com/ejRSH63.png','https://i.imgur.com/pltB5Yf.png',NULL,NULL),
	(223,'2002','2002-09-14','Jacksonville State','Win',51,13,'home',105,'https://i.imgur.com/RW7RKhM.png','https://i.imgur.com/pltB5Yf.png',NULL,NULL),
	(224,'2002','2002-08-31','Oregon','Loss',13,36,'road',109,'https://i.imgur.com/kytC827.png','https://i.imgur.com/FsI6c3F.png',NULL,NULL),
	(225,'2001','2001-12-01','BYU','Loss',38,41,'home',169,'https://i.imgur.com/AXdyNUI.png','https://i.imgur.com/pltB5Yf.png',NULL,NULL),
	(226,'2001','2001-11-22','Ole Miss','Win',36,28,'home',169,'https://i.imgur.com/Ji5VmMw.png','https://i.imgur.com/pltB5Yf.png',NULL,NULL),
	(227,'2001','2001-11-17','Arkansas','Loss',21,24,'road',111,'https://i.imgur.com/kytC827.png','https://i.imgur.com/fjy2Wuu.png',NULL,NULL),
	(228,'2001','2001-11-10','Alabama','Loss',17,24,'road',168,'https://i.imgur.com/yKxAenk.png','https://i.imgur.com/5npSt03.png',NULL,NULL),
	(229,'2001','2001-11-03','Kentucky','Win',17,14,'home',169,'https://i.imgur.com/yccwLOA.png','https://i.imgur.com/pltB5Yf.png',NULL,NULL),
	(230,'2001','2001-10-20','LSU','Loss',0,42,'home',110,'https://i.imgur.com/LGTwJPs.png','https://i.imgur.com/2BetEsq.png',NULL,NULL),
	(231,'2001','2001-10-13','Troy','Loss',9,21,'home',169,'https://i.imgur.com/174YH8x.png','https://i.imgur.com/pltB5Yf.png',NULL,NULL),
	(232,'2001','2001-10-06','Auburn','Loss',14,16,'road',168,'https://i.imgur.com/yKxAenk.png','https://i.imgur.com/4X8jjYq.png',NULL,NULL),
	(233,'2001','2001-09-29','Florida','Loss',0,52,'road',111,'https://i.imgur.com/kytC827.png','https://i.imgur.com/prt2bar.png',NULL,NULL),
	(234,'2001','2001-09-20','South Carolina','Loss',14,16,'home',169,'https://i.imgur.com/bHpQyn4.png','https://i.imgur.com/pltB5Yf.png',NULL,NULL),
	(235,'2001','2001-09-03','Memphis','Win',30,10,'home',110,'https://i.imgur.com/5D7pByZ.png','https://i.imgur.com/2BetEsq.png',NULL,NULL),
	(236,'2000','2000-12-31','Texas A&M','Win',43,41,'independenceBowl',117,'https://i.imgur.com/kytC827.png','https://i.imgur.com/PmcnV73.png','Bowl Game Uniform History','https://www.hailstateunis.com/bowl-game-uniform-history.html'),
	(237,'2000','2000-11-23','Ole Miss','Loss',30,45,'road',112,'https://i.imgur.com/yKxAenk.png','https://i.imgur.com/k2QyFAj.png',NULL,NULL),
	(238,'2000','2000-11-18','Arkansas','Loss',10,17,'home',113,'https://i.imgur.com/BvkPqFx.png','https://i.imgur.com/pltB5Yf.png',NULL,NULL),
	(239,'2000','2000-11-11','Alabama','Win',29,7,'home',113,'https://i.imgur.com/CMeu9sa.png','https://i.imgur.com/pltB5Yf.png',NULL,NULL),
	(240,'2000','2000-11-04','Kentucky','Win',35,17,'road',112,'https://i.imgur.com/yKxAenk.png','https://i.imgur.com/pZbXSwF.png',NULL,NULL),
	(241,'2000','2000-10-28','Middle Tennessee','Win',61,35,'home',113,'https://i.imgur.com/PM25WAj.png','https://i.imgur.com/pltB5Yf.png',NULL,NULL),
	(242,'2000','2000-10-21','LSU','Loss',38,45,'road',113,'https://i.imgur.com/yKxAenk.png','https://i.imgur.com/rsOr4qk.png',NULL,NULL),
	(243,'2000','2000-10-07','Auburn','Win',17,10,'home',113,'https://i.imgur.com/ejRSH63.png','https://i.imgur.com/pltB5Yf.png',NULL,NULL),
	(244,'2000','2000-09-30','Florida','Win',47,35,'home',113,'https://i.imgur.com/LovCmnY.png','https://i.imgur.com/pltB5Yf.png',NULL,NULL),
	(245,'2000','2000-09-23','South Carolina','Loss',19,23,'road',114,'https://i.imgur.com/yKxAenk.png','https://i.imgur.com/6ol0OfJ.png',NULL,NULL),
	(246,'2000','2000-09-14','BYU','Win',44,28,'road',114,'https://i.imgur.com/yKxAenk.png','https://i.imgur.com/HGBL9eo.png',NULL,NULL),
	(247,'2000','2000-09-02','Memphis','Win',17,3,'road',114,'https://i.imgur.com/yKxAenk.png','https://i.imgur.com/ixRTrVT.png',NULL,NULL),
	(248,'1999','1999-12-30','Clemson','Win',17,7,'peachBowl',116,'https://i.imgur.com/QSsRWz1.png','https://i.imgur.com/pltB5Yf.png','Bowl Game Uniform History','https://www.hailstateunis.com/bowl-game-uniform-history.html'),
	(249,'1999','1999-11-25','Ole Miss','Win',23,20,'home',113,'https://i.imgur.com/Ji5VmMw.png','https://i.imgur.com/pltB5Yf.png',NULL,NULL),
	(250,'1999','1999-11-20','Arkansas','Loss',9,14,'road',112,'https://i.imgur.com/yKxAenk.png','https://i.imgur.com/beFo22M.png',NULL,NULL),
	(251,'1999','1999-11-13','Alabama','Loss',7,19,'road',114,'https://i.imgur.com/yKxAenk.png','https://i.imgur.com/5npSt03.png',NULL,NULL),
	(252,'1999','1999-11-04','Kentucky','Win',23,22,'home',113,'https://i.imgur.com/yccwLOA.png','https://i.imgur.com/pltB5Yf.png',NULL,NULL),
	(253,'1999','1999-10-23','LSU','Win',17,16,'home',113,'https://i.imgur.com/LGTwJPs.png','https://i.imgur.com/pltB5Yf.png',NULL,NULL),
	(254,'1999','1999-10-09','Auburn','Win',18,16,'road',114,'https://i.imgur.com/yKxAenk.png','https://i.imgur.com/4X8jjYq.png',NULL,NULL),
	(255,'1999','1999-10-02','Vanderbilt','Win',42,14,'road',114,'https://i.imgur.com/yKxAenk.png','https://i.imgur.com/IGmDu3g.png',NULL,NULL),
	(256,'1999','1999-09-25','South Carolina','Win',17,0,'home',113,'https://i.imgur.com/bHpQyn4.png','https://i.imgur.com/pltB5Yf.png',NULL,NULL),
	(257,'1999','1999-09-18','Oklahoma State','Win',29,11,'home',113,'https://i.imgur.com/caWxcqA.png','https://i.imgur.com/pltB5Yf.png',NULL,NULL),
	(258,'1999','1999-09-11','Memphis','Win',13,10,'home',113,'https://i.imgur.com/5D7pByZ.png','https://i.imgur.com/pltB5Yf.png',NULL,NULL),
	(259,'1999','1999-09-04','Middle Tennessee','Win',40,7,'home',113,'https://i.imgur.com/PM25WAj.png','https://i.imgur.com/pltB5Yf.png',NULL,NULL),
	(260,'1998','1999-01-01','Texas','Loss',11,38,'cottonBowl',115,'https://i.imgur.com/yKxAenk.png','https://i.imgur.com/1Cbaaqj.png','Bowl Game Uniform History','https://www.hailstateunis.com/bowl-game-uniform-history.html'),
	(261,'1998','1998-12-05','Tennessee','Loss',14,24,'secChampionship',114,'https://i.imgur.com/yKxAenk.png','https://i.imgur.com/4ANu8kF.png',NULL,NULL),
	(262,'1998','1998-09-05','Vanderbilt','Win',42,0,'home',113,'https://i.imgur.com/hM9xdmx.png','https://i.imgur.com/pltB5Yf.png',NULL,NULL),
	(263,'1998','1998-09-12','Memphis','Win',14,6,'road',112,'https://i.imgur.com/yKxAenk.png','https://i.imgur.com/ON3JcFP.png',NULL,NULL),
	(264,'1998','1998-09-19','Oklahoma State','Loss',23,42,'road',112,'https://i.imgur.com/yKxAenk.png','https://i.imgur.com/5ZhuEEn.png',NULL,NULL),
	(265,'1998','1998-09-26','South Carolina','Win',38,0,'road',114,'https://i.imgur.com/yKxAenk.png','https://i.imgur.com/CiMq54Y.png',NULL,NULL),
	(266,'1998','1998-10-10','Auburn','Win',38,21,'home',113,'https://i.imgur.com/ejRSH63.png','https://i.imgur.com/pltB5Yf.png',NULL,NULL),
	(267,'1998','1998-10-17','East Tennessee St.','Win',53,6,'home',113,'https://i.imgur.com/AxbLdBV.png','https://i.imgur.com/pltB5Yf.png',NULL,NULL),
	(268,'1998','1998-10-24','LSU','Loss',6,41,'road',113,'https://i.imgur.com/yKxAenk.png','https://i.imgur.com/rsOr4qk.png',NULL,NULL),
	(269,'1998','1998-11-07','Kentucky','Loss',35,37,'road',114,'https://i.imgur.com/yKxAenk.png','https://i.imgur.com/pZbXSwF.png',NULL,NULL),
	(270,'1998','1998-11-14','Alabama','Win',26,14,'home',113,'https://i.imgur.com/CMeu9sa.png','https://i.imgur.com/pltB5Yf.png',NULL,NULL),
	(271,'1998','1998-11-21','Arkansas','Win',22,21,'home',113,'https://i.imgur.com/BvkPqFx.png','https://i.imgur.com/pltB5Yf.png',NULL,NULL),
	(272,'1998','1998-11-26','Ole Miss','Win',28,6,'road',114,'https://i.imgur.com/yKxAenk.png','https://i.imgur.com/k2QyFAj.png',NULL,NULL),
	(273,'1997','1997-11-29','Ole Miss','Loss',14,15,'home',118,'https://i.imgur.com/Ji5VmMw.png','https://i.imgur.com/pltB5Yf.png',NULL,NULL),
	(274,'1997','1997-11-22','Arkansas','Loss',7,17,'road',120,'https://i.imgur.com/yKxAenk.png','https://i.imgur.com/beFo22M.png',NULL,NULL),
	(275,'1997','1997-11-15','Alabama','Win',32,20,'road',120,'https://i.imgur.com/yKxAenk.png','https://i.imgur.com/5npSt03.png',NULL,NULL),
	(276,'1997','1997-11-01','Auburn','Win',20,0,'road',120,'https://i.imgur.com/yKxAenk.png','https://i.imgur.com/4X8jjYq.png',NULL,NULL),
	(277,'1997','1997-10-25','UCF','Win',35,28,'home',118,'https://i.imgur.com/un0LsEP.png','https://i.imgur.com/pltB5Yf.png',NULL,NULL),
	(278,'1997','1997-10-11','UL Monroe','Win',24,10,'home',118,'https://i.imgur.com/PGLdJ9d.png','https://i.imgur.com/pltB5Yf.png',NULL,NULL),
	(279,'1997','1997-10-04','Georgia','Loss',0,47,'road',119,'https://i.imgur.com/yKxAenk.png','https://i.imgur.com/GRHgl5l.png',NULL,NULL),
	(280,'1997','1997-09-27','South Carolina','Win',37,17,'home',118,'https://i.imgur.com/0JUFaoP.png','https://i.imgur.com/pltB5Yf.png',NULL,NULL),
	(281,'1997','1997-09-13','LSU','Loss',9,24,'home',118,'https://i.imgur.com/LGTwJPs.png','https://i.imgur.com/pltB5Yf.png',NULL,NULL),
	(282,'1997','1997-09-06','Kentucky','Win',35,27,'home',118,'https://i.imgur.com/yccwLOA.png','https://i.imgur.com/pltB5Yf.png',NULL,NULL),
	(283,'1997','1997-08-30','Memphis','Win',13,10,'home',118,'https://i.imgur.com/XrZAqbR.png','https://i.imgur.com/pltB5Yf.png',NULL,NULL),
	(284,'1996','1996-11-30','Ole Miss','Win',17,0,'road',122,'https://i.imgur.com/yKxAenk.png','https://i.imgur.com/k2QyFAj.png',NULL,NULL),
	(285,'1996','1996-11-23','Arkansas','Loss',13,16,'home',123,'https://i.imgur.com/BvkPqFx.png','https://i.imgur.com/pltB5Yf.png',NULL,NULL),
	(286,'1996','1996-11-16','Alabama','Win',17,16,'home',123,'https://i.imgur.com/CMeu9sa.png','https://i.imgur.com/pltB5Yf.png',NULL,NULL),
	(287,'1996','1996-11-09','Kentucky','Loss',21,24,'road',121,'https://i.imgur.com/yKxAenk.png','https://i.imgur.com/A7LalWa.png',NULL,NULL),
	(288,'1996','1996-11-02','UL Monroe','Win',59,0,'home',123,'https://i.imgur.com/PGLdJ9d.png','https://i.imgur.com/pltB5Yf.png',NULL,NULL),
	(289,'1996','1996-10-26','LSU','Loss',20,28,'road',123,'https://i.imgur.com/yKxAenk.png','https://i.imgur.com/rsOr4qk.png',NULL,NULL),
	(290,'1996','1996-10-12','Auburn','Loss',15,49,'home',123,'https://i.imgur.com/ejRSH63.png','https://i.imgur.com/pltB5Yf.png',NULL,NULL),
	(291,'1996','1996-10-05','Georgia','Loss',19,38,'home',123,'https://i.imgur.com/hNq220k.png','https://i.imgur.com/pltB5Yf.png',NULL,NULL),
	(292,'1996','1996-09-28','South Carolina','Win',14,10,'road',121,'https://i.imgur.com/yKxAenk.png','https://i.imgur.com/CiMq54Y.png',NULL,NULL),
	(293,'1996','1996-09-21','Louisiana Tech','Loss',23,38,'home',123,'https://i.imgur.com/iCwqDQs.png','https://i.imgur.com/pltB5Yf.png',NULL,NULL),
	(294,'1996','1996-11-07','Memphis','Win',31,10,'road',121,'https://i.imgur.com/yKxAenk.png','https://i.imgur.com/ON3JcFP.png',NULL,NULL),
	(295,'1995','1995-11-25','Ole Miss','Loss',10,13,'home',126,'https://i.imgur.com/Ji5VmMw.png','https://i.imgur.com/I4VP8z8.png',NULL,NULL),
	(296,'1995','1995-11-11','Alabama','Loss',9,14,'road',125,'https://i.imgur.com/ASJLPYC.png','https://i.imgur.com/5npSt03.png',NULL,NULL),
	(297,'1995','1995-11-04','Arkansas','Loss',10,13,'road',125,'https://i.imgur.com/ASJLPYC.png','https://i.imgur.com/beFo22M.png',NULL,NULL),
	(298,'1995','1995-10-28','Kentucky','Win',42,32,'home',126,'https://i.imgur.com/8FRjr5m.png','https://i.imgur.com/I4VP8z8.png',NULL,NULL),
	(299,'1995','1995-10-14','South Carolina','Loss',39,65,'home',127,'https://i.imgur.com/0JUFaoP.png','https://i.imgur.com/I4VP8z8.png',NULL,NULL),
	(300,'1995','1995-10-07','Auburn','Loss',20,48,'road',124,'https://i.imgur.com/ASJLPYC.png','https://i.imgur.com/4X8jjYq.png',NULL,NULL),
	(301,'1995','1995-09-30','UL Monroe','Loss',32,34,'home',127,'https://i.imgur.com/PGLdJ9d.png','https://i.imgur.com/I4VP8z8.png',NULL,NULL),
	(302,'1995','1995-09-23','Tennessee','Loss',14,52,'road',124,'https://i.imgur.com/ASJLPYC.png','https://i.imgur.com/4ANu8kF.png',NULL,NULL),
	(303,'1995','1995-09-16','Baylor','Win',30,21,'road',124,'https://i.imgur.com/ASJLPYC.png','https://i.imgur.com/LmrYAS8.png',NULL,NULL),
	(304,'1995','1995-09-09','LSU','Loss',16,34,'home',127,'https://i.imgur.com/LGTwJPs.png','https://i.imgur.com/I4VP8z8.png',NULL,NULL),
	(305,'1995','1995-09-02','Memphis','Win',28,18,'home',127,'https://i.imgur.com/XrZAqbR.png','https://i.imgur.com/I4VP8z8.png',NULL,NULL),
	(306,'1994','1995-01-01','NC State','Loss',24,28,'peachBowl',128,'https://i.imgur.com/ASJLPYC.png','https://i.imgur.com/Bxxe9Bc.png','Bowl Game Uniform History','https://www.hailstateunis.com/bowl-game-uniform-history.html'),
	(307,'1994','1994-11-26','Ole Miss','Win',21,17,'road',129,'https://i.imgur.com/ASJLPYC.png','https://i.imgur.com/3CinmI7.png',NULL,NULL),
	(308,'1994','1994-11-12','Alabama','Loss',25,29,'home',131,'https://i.imgur.com/CMeu9sa.png','https://i.imgur.com/I4VP8z8.png',NULL,NULL),
	(309,'1994','1994-11-05','Arkansas','Win',17,7,'home',131,'https://i.imgur.com/ZWRQ4rq.png','https://i.imgur.com/I4VP8z8.png',NULL,NULL),
	(310,'1994','1994-10-29','Kentucky','Win',47,7,'road',129,'https://i.imgur.com/ASJLPYC.png','https://i.imgur.com/A7LalWa.png',NULL,NULL),
	(311,'1994','1994-10-22','Tulane','Win',66,22,'home',131,'https://i.imgur.com/KL3vHed.png','https://i.imgur.com/I4VP8z8.png',NULL,NULL),
	(312,'1994','1994-10-15','South Carolina','Win',41,36,'road',129,'https://i.imgur.com/ASJLPYC.png','https://i.imgur.com/CiMq54Y.png',NULL,NULL),
	(313,'1994','1994-10-08','Auburn','Loss',18,42,'home',131,'https://i.imgur.com/ejRSH63.png','https://i.imgur.com/I4VP8z8.png',NULL,NULL),
	(314,'1994','1994-10-01','Arkansas State','Win',49,3,'home',131,'https://i.imgur.com/brqbatz.png','https://i.imgur.com/I4VP8z8.png',NULL,NULL),
	(315,'1994','1994-09-24','Tennessee','Win',24,21,'home',131,'https://i.imgur.com/qQMG9xK.png','https://i.imgur.com/I4VP8z8.png',NULL,NULL),
	(316,'1994','1994-09-10','LSU','Loss',24,44,'road',130,'https://i.imgur.com/ASJLPYC.png','https://i.imgur.com/rsOr4qk.png',NULL,NULL),
	(317,'1994','1994-09-03','Memphis','Win',17,6,'road',130,'https://i.imgur.com/ASJLPYC.png','https://i.imgur.com/ZNrcmVB.png',NULL,NULL),
	(318,'1993','1993-11-27','Ole Miss','Win',20,13,'home',134,'https://i.imgur.com/Bct8oiH.png','https://i.imgur.com/I4VP8z8.png',NULL,NULL),
	(319,'1993','1993-11-13','Alabama','Loss',25,36,'road',132,'https://i.imgur.com/ASJLPYC.png','https://i.imgur.com/5npSt03.png',NULL,NULL),
	(320,'1993','1993-11-06','Arkansas','TIE',13,13,'road',132,'https://i.imgur.com/ASJLPYC.png','https://i.imgur.com/kAaqwih.png',NULL,NULL),
	(321,'1993','1993-10-30','Kentucky','Loss',17,26,'home',134,'https://i.imgur.com/8FRjr5m.png','https://i.imgur.com/I4VP8z8.png',NULL,NULL),
	(322,'1993','1993-10-23','Arkansas State','TIE',15,15,'home',134,'https://i.imgur.com/brqbatz.png','https://i.imgur.com/I4VP8z8.png',NULL,NULL),
	(323,'1993','1993-10-16','South Carolina','Win',23,0,'home',134,'https://i.imgur.com/0JUFaoP.png','https://i.imgur.com/I4VP8z8.png',NULL,NULL),
	(324,'1993','1993-10-09','Auburn','Loss',17,31,'road',133,'https://i.imgur.com/ASJLPYC.png','https://i.imgur.com/4X8jjYq.png',NULL,NULL),
	(325,'1993','1993-10-02','Florida','Loss',24,38,'road',133,'https://i.imgur.com/ASJLPYC.png','https://i.imgur.com/prt2bar.png',NULL,NULL),
	(326,'1993','1993-09-25','Tulane','Win',36,10,'road',133,'https://i.imgur.com/ASJLPYC.png','https://i.imgur.com/MOmdWoG.png',NULL,NULL),
	(327,'1993','1993-09-11','LSU','Loss',16,18,'home',134,'https://i.imgur.com/LGTwJPs.png','https://i.imgur.com/I4VP8z8.png',NULL,NULL),
	(328,'1993','1993-09-04','Memphis','Loss',35,45,'home',134,'https://i.imgur.com/Q3ToVcy.png','https://i.imgur.com/I4VP8z8.png',NULL,NULL),
	(329,'1992','1993-01-02','North Carolina','Loss',17,21,'peachBowl',135,'https://i.imgur.com/ASJLPYC.png','https://i.imgur.com/IiFlTCs.png','Bowl Game Uniform History','https://www.hailstateunis.com/bowl-game-uniform-history.html'),
	(330,'1992','1992-11-28','Ole Miss','Loss',10,17,'road',136,'https://i.imgur.com/ASJLPYC.png','https://i.imgur.com/3CinmI7.png',NULL,NULL),
	(331,'1992','1992-11-14','Alabama','Loss',21,30,'home',137,'https://i.imgur.com/pQVWncw.png','https://i.imgur.com/I4VP8z8.png',NULL,NULL),
	(332,'1992','1992-11-07','Arkansas','Win',10,3,'home',137,'https://i.imgur.com/ZWRQ4rq.png','https://i.imgur.com/I4VP8z8.png',NULL,NULL),
	(333,'1992','1992-10-31','Kentucky','Win',37,36,'road',136,'https://i.imgur.com/ASJLPYC.png','https://i.imgur.com/A7LalWa.png',NULL,NULL),
	(334,'1992','1992-10-24','Arkansas State','Win',56,6,'home',137,'https://i.imgur.com/brqbatz.png','https://i.imgur.com/I4VP8z8.png',NULL,NULL),
	(335,'1992','1992-10-17','South Carolina','Loss',6,21,'road',136,'https://i.imgur.com/ASJLPYC.png','https://i.imgur.com/CiMq54Y.png',NULL,NULL),
	(336,'1992','1992-10-10','Auburn','Win',14,7,'home',137,'https://i.imgur.com/ejRSH63.png','https://i.imgur.com/I4VP8z8.png',NULL,NULL),
	(337,'1992','1992-10-01','Florida','Win',30,6,'home',137,'https://i.imgur.com/LovCmnY.png','https://i.imgur.com/I4VP8z8.png',NULL,NULL),
	(338,'1992','1992-09-19','Memphis','Win',20,16,'road',136,'https://i.imgur.com/ASJLPYC.png','https://i.imgur.com/XgCOzus.png',NULL,NULL),
	(339,'1992','1992-09-12','LSU','Loss',3,24,'road',136,'https://i.imgur.com/ASJLPYC.png','https://i.imgur.com/rsOr4qk.png',NULL,NULL),
	(340,'1992','1992-09-05','Texas','Win',28,10,'road',136,'https://i.imgur.com/ASJLPYC.png','https://i.imgur.com/1Cbaaqj.png',NULL,NULL),
	(341,'1991','1991-12-29','Air Force','Loss',15,38,'libertyBowl',140,'https://i.imgur.com/XEAIZ9J.png','https://i.imgur.com/I4VP8z8.png','Bowl Game Uniform History','https://www.hailstateunis.com/bowl-game-uniform-history.html'),
	(342,'1991','1991-11-23','Ole Miss','Win',24,9,'home',139,'https://i.imgur.com/Bct8oiH.png','https://i.imgur.com/I4VP8z8.png',NULL,NULL),
	(343,'1991','1991-11-16','LSU','Win',28,19,'road',138,'https://i.imgur.com/ASJLPYC.png','https://i.imgur.com/rsOr4qk.png',NULL,NULL),
	(344,'1991','1991-11-02','Alabama','Loss',7,13,'road',138,'https://i.imgur.com/ASJLPYC.png','https://i.imgur.com/oPbNyXF.png',NULL,NULL),
	(345,'1991','1991-10-26','Auburn','Win',24,17,'road',138,'https://i.imgur.com/ASJLPYC.png','https://i.imgur.com/4X8jjYq.png',NULL,NULL),
	(346,'1991','1991-10-19','Memphis','Loss',23,28,'home',139,'https://i.imgur.com/4bKUQm6.png','https://i.imgur.com/I4VP8z8.png',NULL,NULL),
	(347,'1991','1991-10-12','Kentucky','Win',31,6,'home',139,'https://i.imgur.com/tGZ2pjV.png','https://i.imgur.com/I4VP8z8.png',NULL,NULL),
	(348,'1991','1991-09-28','Florida','Loss',7,29,'neutral',138,'https://i.imgur.com/ASJLPYC.png','https://i.imgur.com/prt2bar.png',NULL,NULL),
	(349,'1991','1991-09-21','Tennessee','Loss',24,26,'road',138,'https://i.imgur.com/ASJLPYC.png','https://i.imgur.com/4ANu8kF.png',NULL,NULL),
	(350,'1991','1991-09-14','Tulane','Win',48,0,'home',139,'https://i.imgur.com/16m83Vg.png','https://i.imgur.com/I4VP8z8.png',NULL,NULL),
	(351,'1991','1991-09-07','Texas','Win',13,6,'home',139,'https://i.imgur.com/dNmyZNN.png','https://i.imgur.com/I4VP8z8.png',NULL,NULL),
	(352,'1991','1991-08-31','Cal St. Fullerton','Win',47,3,'home',139,'https://i.imgur.com/tYJzvC0.png','https://i.imgur.com/I4VP8z8.png',NULL,NULL),
	(353,'1990','1990-11-24','Ole Miss','Loss',9,21,'neutral',141,'https://i.imgur.com/ASJLPYC.png','https://i.imgur.com/3CinmI7.png',NULL,NULL),
	(354,'1990','1990-11-17','LSU','Win',34,22,'neutral',142,'https://i.imgur.com/LGTwJPs.png','https://i.imgur.com/I4VP8z8.png',NULL,NULL),
	(355,'1990','1990-11-10','Memphis','Win',27,23,'road',141,'https://i.imgur.com/ASJLPYC.png','https://i.imgur.com/YCDch0N.png',NULL,NULL),
	(356,'1990','1990-11-03','Alabama','Loss',0,22,'home',142,'https://i.imgur.com/pQVWncw.png','https://i.imgur.com/I4VP8z8.png',NULL,NULL),
	(357,'1990','1990-10-27','Auburn','Loss',16,17,'home',142,'https://i.imgur.com/ejRSH63.png','https://i.imgur.com/I4VP8z8.png',NULL,NULL),
	(358,'1990','1990-10-20','Tulane','Win',38,17,'road',141,'https://i.imgur.com/ASJLPYC.png','https://i.imgur.com/IOe0RaF.png',NULL,NULL),
	(359,'1990','1990-10-13','Kentucky','Loss',15,17,'road',141,'https://i.imgur.com/ASJLPYC.png','https://i.imgur.com/qoq6sS7.png',NULL,NULL),
	(360,'1990','1990-09-29','Florida','Loss',21,34,'road',141,'https://i.imgur.com/ASJLPYC.png','https://i.imgur.com/prt2bar.png',NULL,NULL),
	(361,'1990','1990-09-22','Southern Miss','Win',13,10,'home',142,'https://i.imgur.com/DxUqCwc.png','https://i.imgur.com/I4VP8z8.png',NULL,NULL),
	(362,'1990','1990-09-15','Cal St. Fullerton','Win',27,13,'home',142,'https://i.imgur.com/tYJzvC0.png','https://i.imgur.com/I4VP8z8.png',NULL,NULL),
	(363,'1990','1990-09-08','Tennessee','Loss',7,40,'home',142,'https://i.imgur.com/qQMG9xK.png','https://i.imgur.com/I4VP8z8.png',NULL,NULL),
	(364,'1989','1989-11-25','Ole Miss','Loss',11,21,'neutral',144,'https://i.imgur.com/Bct8oiH.png','https://i.imgur.com/I4VP8z8.png',NULL,NULL),
	(365,'1989','1989-11-18','LSU','Loss',20,44,'road',143,'https://i.imgur.com/ASJLPYC.png','https://i.imgur.com/rsOr4qk.png',NULL,NULL),
	(366,'1989','1989-11-11','Tulane','Win',27,7,'home',144,'https://i.imgur.com/16m83Vg.png','https://i.imgur.com/I4VP8z8.png',NULL,NULL),
	(367,'1989','1989-11-04','Alabama','Loss',10,23,'neutral',143,'https://i.imgur.com/ASJLPYC.png','https://i.imgur.com/oPbNyXF.png',NULL,NULL),
	(368,'1989','1989-10-28','Auburn','Loss',0,14,'road',143,'https://i.imgur.com/ASJLPYC.png','https://i.imgur.com/4X8jjYq.png',NULL,NULL),
	(369,'1989','1989-10-21','Memphis','Win',35,10,'home',144,'https://i.imgur.com/yrEDncA.png','https://i.imgur.com/I4VP8z8.png',NULL,NULL),
	(370,'1989','1989-10-07','UL Monroe','Win',28,14,'home',144,'https://i.imgur.com/oAXxfZl.png','https://i.imgur.com/I4VP8z8.png',NULL,NULL),
	(371,'1989','1989-09-30','Florida','Loss',0,21,'neutral',144,'https://i.imgur.com/LovCmnY.png','https://i.imgur.com/I4VP8z8.png',NULL,NULL),
	(372,'1989','1989-09-23','Georgia','Loss',6,23,'road',143,'https://i.imgur.com/ASJLPYC.png','https://i.imgur.com/q7sDL0d.png',NULL,NULL),
	(373,'1989','1989-09-09','Southern Miss','Win',26,23,'road',143,'https://i.imgur.com/ASJLPYC.png','https://i.imgur.com/l00n8oC.png',NULL,NULL),
	(374,'1989','1989-09-02','Vanderbilt','Win',42,7,'home',144,'https://i.imgur.com/g6EGp5h.png','https://i.imgur.com/I4VP8z8.png',NULL,NULL),
	(375,'1988','1988-11-26','Ole Miss','Loss',6,33,'neutral',146,'https://i.imgur.com/u0BjKRm.png','https://i.imgur.com/3CinmI7.png',NULL,NULL),
	(376,'1988','1988-11-19','Tulane','Loss',22,27,'road',146,'https://i.imgur.com/u0BjKRm.png','https://i.imgur.com/heKAdZf.png',NULL,NULL),
	(377,'1988','1988-11-12','LSU','Loss',3,20,'home',148,'https://i.imgur.com/LGTwJPs.png','https://i.imgur.com/QWbMwmv.png',NULL,NULL),
	(378,'1988','1988-10-29','Alabama','Loss',34,53,'home',148,'https://i.imgur.com/pQVWncw.png','https://i.imgur.com/QWbMwmv.png',NULL,NULL),
	(379,'1988','1988-10-22','Auburn','Loss',0,33,'road',145,'https://i.imgur.com/u0BjKRm.png','https://i.imgur.com/4X8jjYq.png',NULL,NULL),
	(380,'1988','1988-10-15','Southern Miss','Loss',21,38,'neutral',147,'https://i.imgur.com/amZpD9F.png','https://i.imgur.com/QWbMwmv.png',NULL,NULL),
	(381,'1988','1988-10-01','Memphis','Loss',10,31,'road',146,'https://i.imgur.com/u0BjKRm.png','https://i.imgur.com/qlu7e8v.png',NULL,NULL),
	(382,'1988','1988-09-24','Florida','Loss',0,17,'road',145,'https://i.imgur.com/u0BjKRm.png','https://i.imgur.com/prt2bar.png',NULL,NULL),
	(383,'1988','1988-09-17','Georgia','Loss',35,42,'home',148,'https://i.imgur.com/BmDxWQH.png','https://i.imgur.com/QWbMwmv.png',NULL,NULL),
	(384,'1988','1988-09-10','Vanderbilt','Loss',20,24,'road',146,'https://i.imgur.com/u0BjKRm.png','https://i.imgur.com/XWA2qT6.png',NULL,NULL),
	(385,'1988','1988-09-03','Louisiana Tech','Win',21,14,'home',148,'https://i.imgur.com/blSvPDu.png','https://i.imgur.com/QWbMwmv.png',NULL,NULL),
	(386,'1987','1987-11-21','Ole Miss','Win',30,20,'neutral',147,'https://i.imgur.com/Bct8oiH.png','https://i.imgur.com/QWbMwmv.png',NULL,NULL),
	(387,'1987','1987-11-14','LSU','Loss',14,34,'road',145,'https://i.imgur.com/u0BjKRm.png','https://i.imgur.com/rsOr4qk.png',NULL,NULL),
	(388,'1987','1987-11-07','Tulane','Loss',19,30,'home',148,'https://i.imgur.com/7WL2iCj.png','https://i.imgur.com/QWbMwmv.png',NULL,NULL),
	(389,'1987','1987-10-31','Alabama','Loss',18,21,'neutral',146,'https://i.imgur.com/u0BjKRm.png','https://i.imgur.com/oPbNyXF.png',NULL,NULL),
	(390,'1987','1987-10-24','Auburn','Loss',7,38,'road',146,'https://i.imgur.com/u0BjKRm.png','https://i.imgur.com/4X8jjYq.png',NULL,NULL),
	(391,'1987','1987-10-17','Southern Miss','Loss',14,18,'neutral',145,'https://i.imgur.com/u0BjKRm.png','https://i.imgur.com/3gYYFaO.png',NULL,NULL),
	(392,'1987','1987-10-03','Memphis','Win',9,6,'home',148,'https://i.imgur.com/9RARRXP.png','https://i.imgur.com/QWbMwmv.png',NULL,NULL),
	(393,'1987','1987-09-26','Florida','Loss',3,38,'road',146,'https://i.imgur.com/u0BjKRm.png','https://i.imgur.com/prt2bar.png',NULL,NULL),
	(394,'1987','1987-09-19','Louisiana Tech','Win',14,13,'home',148,'https://i.imgur.com/blSvPDu.png','https://i.imgur.com/QWbMwmv.png',NULL,NULL),
	(395,'1987','1987-09-12','Tennessee','Loss',10,38,'home',148,'https://i.imgur.com/qQMG9xK.png','https://i.imgur.com/QWbMwmv.png',NULL,NULL),
	(396,'1987','1987-09-05','Louisiana','Win',31,3,'home',148,'https://i.imgur.com/pwIqyrz.png','https://i.imgur.com/QWbMwmv.png',NULL,NULL),
	(397,'1986','1986-11-22','Ole Miss','Loss',3,24,'neutral',149,'https://i.imgur.com/u0BjKRm.png','https://i.imgur.com/3CinmI7.png',NULL,NULL),
	(398,'1986','1986-11-15','LSU','Loss',0,47,'neutral',150,'https://i.imgur.com/LGTwJPs.png','https://i.imgur.com/QWbMwmv.png',NULL,NULL),
	(399,'1986','1986-11-01','Alabama','Loss',3,38,'home',150,'https://i.imgur.com/pQVWncw.png','https://i.imgur.com/QWbMwmv.png',NULL,NULL),
	(400,'1986','1986-10-25','Auburn','Loss',6,35,'home',150,'https://i.imgur.com/ejRSH63.png','https://i.imgur.com/QWbMwmv.png',NULL,NULL),
	(401,'1986','1986-10-18','Tulane','Win',34,27,'road',149,'https://i.imgur.com/u0BjKRm.png','https://i.imgur.com/heKAdZf.png',NULL,NULL),
	(402,'1986','1986-10-11','Arkansas State','Win',24,9,'home',150,'https://i.imgur.com/Q8td9i7.png','https://i.imgur.com/QWbMwmv.png',NULL,NULL),
	(403,'1986','1986-10-04','Memphis','Win',34,17,'road',149,'https://i.imgur.com/u0BjKRm.png','https://i.imgur.com/Xl76D9g.png',NULL,NULL),
	(404,'1986','1986-09-27','Florida','Win',16,10,'home',150,'https://i.imgur.com/LovCmnY.png','https://i.imgur.com/QWbMwmv.png',NULL,NULL),
	(405,'1986','1986-09-20','Southern Miss','Loss',24,28,'neutral',150,'https://i.imgur.com/e3gvCwI.png','https://i.imgur.com/QWbMwmv.png',NULL,NULL),
	(406,'1986','1986-09-13','Tennessee','Win',27,23,'road',149,'https://i.imgur.com/u0BjKRm.png','https://i.imgur.com/4ANu8kF.png',NULL,NULL),
	(407,'1986','1986-09-06','Syracuse','Win',24,17,'road',149,'https://i.imgur.com/u0BjKRm.png','https://i.imgur.com/NKdESgG.png',NULL,NULL),
	(408,'1985','1985-11-23','Ole Miss','Loss',27,45,'neutral',153,'https://i.imgur.com/Bct8oiH.png','https://i.imgur.com/NJTq59f.png',NULL,NULL),
	(409,'1985','1985-11-16','LSU','Loss',15,17,'road',152,'https://i.imgur.com/b10P2XX.png','https://i.imgur.com/rsOr4qk.png',NULL,NULL),
	(410,'1985','1985-11-02','Alabama','Loss',28,44,'road',152,'https://i.imgur.com/b10P2XX.png','https://i.imgur.com/oPbNyXF.png',NULL,NULL),
	(411,'1985','1985-10-26','Auburn','Loss',9,21,'road',152,'https://i.imgur.com/b10P2XX.png','https://i.imgur.com/4X8jjYq.png',NULL,NULL),
	(412,'1985','1985-10-19','Tulane','Win',31,27,'home',151,'https://i.imgur.com/7WL2iCj.png','https://i.imgur.com/NJTq59f.png',NULL,NULL),
	(413,'1985','1985-10-12','Kentucky','Loss',19,33,'road',152,'https://i.imgur.com/b10P2XX.png','https://i.imgur.com/CQDqsI2.png',NULL,NULL),
	(414,'1985','1985-10-05','Memphis','Win',31,28,'home',151,'https://i.imgur.com/PQfL3GD.png','https://i.imgur.com/NJTq59f.png',NULL,NULL),
	(415,'1985','1985-09-28','Florida','Loss',22,26,'home',151,'https://i.imgur.com/LovCmnY.png','https://i.imgur.com/NJTq59f.png',NULL,NULL),
	(416,'1985','1985-09-21','Southern Miss','Win',23,20,'neutral',152,'https://i.imgur.com/b10P2XX.png','https://i.imgur.com/3gYYFaO.png',NULL,NULL),
	(417,'1985','1985-09-14','Syracuse','Win',30,3,'home',151,'https://i.imgur.com/ScUqdIp.png','https://i.imgur.com/NJTq59f.png',NULL,NULL),
	(418,'1985','1985-09-07','Arkansas State','Win',22,14,'home',153,'https://i.imgur.com/Q8td9i7.png','https://i.imgur.com/NJTq59f.png',NULL,NULL),
	(419,'1984','1984-11-24','Ole Miss','Loss',3,24,'neutral',152,'https://i.imgur.com/b10P2XX.png','https://i.imgur.com/3CinmI7.png',NULL,NULL),
	(420,'1984','1984-11-17','LSU','Win',16,14,'home',153,'https://i.imgur.com/LGTwJPs.png','https://i.imgur.com/NJTq59f.png',NULL,NULL),
	(421,'1984','1984-11-03','Alabama','Loss',20,24,'neutral',153,'https://i.imgur.com/5USd3bN.png','https://i.imgur.com/NJTq59f.png',NULL,NULL),
	(422,'1984','1984-10-27','Auburn','Loss',21,24,'home',153,'https://i.imgur.com/ejRSH63.png','https://i.imgur.com/NJTq59f.png',NULL,NULL),
	(423,'1984','1984-10-20','Memphis','Loss',12,23,'road',152,'https://i.imgur.com/b10P2XX.png','https://i.imgur.com/eqSCR8q.png',NULL,NULL),
	(424,'1984','1984-10-13','Kentucky','Loss',13,17,'home',153,'https://i.imgur.com/CwOAOY8.png','https://i.imgur.com/NJTq59f.png',NULL,NULL),
	(425,'1984','1984-10-06','Southern Miss','Win',27,18,'neutral',153,'https://i.imgur.com/TXejSuQ.png','https://i.imgur.com/NJTq59f.png',NULL,NULL),
	(426,'1984','1984-09-29','Florida','Loss',12,17,'road',152,'https://i.imgur.com/b10P2XX.png','https://i.imgur.com/prt2bar.png',NULL,NULL),
	(427,'1984','1984-09-22','Missouri','Loss',30,47,'road',152,'https://i.imgur.com/b10P2XX.png','https://i.imgur.com/lS5BHoW.png',NULL,NULL),
	(428,'1984','1984-09-08','Colorado State','Win',14,9,'home',153,'https://i.imgur.com/29JCDOO.png','https://i.imgur.com/NJTq59f.png',NULL,NULL),
	(429,'1984','1984-09-01','Tulane','Win',30,3,'road',152,'https://i.imgur.com/b10P2XX.png','https://i.imgur.com/VJXZDEu.png',NULL,NULL),
	(430,'1983','1983-11-19','Ole Miss','Loss',23,24,'neutral',155,'https://i.imgur.com/Bct8oiH.png','https://i.imgur.com/NJTq59f.png',NULL,NULL),
	(431,'1983','1983-11-12','LSU','Win',45,26,'road',154,'https://i.imgur.com/b10P2XX.png','https://i.imgur.com/rsOr4qk.png',NULL,NULL),
	(432,'1983','1983-11-05','Memphis','Loss',13,30,'home',155,'https://i.imgur.com/PQfL3GD.png','https://i.imgur.com/NJTq59f.png',NULL,NULL),
	(433,'1983','1983-10-29','Alabama','Loss',18,35,'road',154,'https://i.imgur.com/b10P2XX.png','https://i.imgur.com/Y0WAYoY.png',NULL,NULL),
	(434,'1983','1983-10-22','Auburn','Loss',13,28,'road',154,'https://i.imgur.com/b10P2XX.png','https://i.imgur.com/2URtLEh.png',NULL,NULL),
	(435,'1983','1983-10-15','Miami FL','Loss',7,31,'home',155,'https://i.imgur.com/VWVGw2b.png','https://i.imgur.com/NJTq59f.png',NULL,NULL),
	(436,'1983','1983-10-08','Southern Miss','Loss',6,31,'neutral',154,'https://i.imgur.com/b10P2XX.png','https://i.imgur.com/3gYYFaO.png',NULL,NULL),
	(437,'1983','1983-10-01','Georgia','Loss',7,20,'road',154,'https://i.imgur.com/b10P2XX.png','https://i.imgur.com/q7sDL0d.png',NULL,NULL),
	(438,'1983','1983-09-24','Florida','Loss',12,35,'home',155,'https://i.imgur.com/LovCmnY.png','https://i.imgur.com/NJTq59f.png',NULL,NULL),
	(439,'1983','1983-09-17','Navy','Win',38,10,'home',155,'https://i.imgur.com/YZxZRXO.png','https://i.imgur.com/NJTq59f.png',NULL,NULL),
	(440,'1983','1983-09-03','Tulane','Win',14,9,'home',155,'https://i.imgur.com/qr4bRqb.png','https://i.imgur.com/NJTq59f.png',NULL,NULL),
	(441,'1982','1982-11-20','Ole Miss','Win',27,10,'neutral',156,'https://i.imgur.com/b10P2XX.png','https://i.imgur.com/sRSnqrz.png',NULL,NULL),
	(442,'1982','1982-11-13','LSU','Win',27,24,'home',157,'https://i.imgur.com/LGTwJPs.png','https://i.imgur.com/NJTq59f.png',NULL,NULL),
	(443,'1982','1982-10-30','Alabama','Loss',12,20,'neutral',157,'https://i.imgur.com/pQVWncw.png','https://i.imgur.com/NJTq59f.png',NULL,NULL),
	(444,'1982','1982-10-23','Auburn','Loss',17,35,'home',157,'https://i.imgur.com/GKDnxqD.png','https://i.imgur.com/NJTq59f.png',NULL,NULL),
	(445,'1982','1982-10-16','Miami FL','Loss',14,31,'road',156,'https://i.imgur.com/b10P2XX.png','https://i.imgur.com/bfSNCyl.png',NULL,NULL),
	(446,'1982','1982-10-09','Southern Miss','Loss',14,20,'neutral',157,'https://i.imgur.com/TXejSuQ.png','https://i.imgur.com/NJTq59f.png',NULL,NULL),
	(447,'1982','1982-10-02','Georgia','Loss',22,29,'home',157,'https://i.imgur.com/BmDxWQH.png','https://i.imgur.com/NJTq59f.png',NULL,NULL),
	(448,'1982','1982-09-25','Florida','Loss',17,27,'road',156,'https://i.imgur.com/b10P2XX.png','https://i.imgur.com/prt2bar.png',NULL,NULL),
	(449,'1982','1982-09-18','Memphis','Win',41,17,'road',156,'https://i.imgur.com/b10P2XX.png','https://i.imgur.com/eqSCR8q.png',NULL,NULL),
	(450,'1982','1982-09-11','Arkansas State','Win',31,10,'home',157,'https://i.imgur.com/Q8td9i7.png','https://i.imgur.com/NJTq59f.png',NULL,NULL),
	(451,'1982','1982-09-04','Tulane','Win',30,21,'road',156,'https://i.imgur.com/b10P2XX.png','https://i.imgur.com/igRgIck.png',NULL,NULL),
	(452,'1981','1981-12-31','Kansas','Win',10,0,'hallOfFameBowl',160,'https://i.imgur.com/2a22V3o.png','https://i.imgur.com/NJTq59f.png','Bowl Game Uniform History','https://www.hailstateunis.com/bowl-game-uniform-history.html'),
	(453,'1981','1981-11-21','Ole Miss','Loss',17,21,'neutral',159,'https://i.imgur.com/MToK5g2.png','https://i.imgur.com/NJTq59f.png',NULL,NULL),
	(454,'1981','1981-11-14','LSU','Win',17,9,'road',159,'https://i.imgur.com/b10P2XX.png','https://i.imgur.com/rsOr4qk.png',NULL,NULL),
	(455,'1981','1981-11-07','Southern Miss','Loss',6,7,'neutral',158,'https://i.imgur.com/b10P2XX.png','https://i.imgur.com/UQinjrF.png',NULL,NULL),
	(456,'1981','1981-10-31','Alabama','Loss',10,13,'road',158,'https://i.imgur.com/b10P2XX.png','https://i.imgur.com/oPbNyXF.png',NULL,NULL),
	(457,'1981','1981-10-24','Auburn','Win',21,17,'road',158,'https://i.imgur.com/b10P2XX.png','https://i.imgur.com/2URtLEh.png',NULL,NULL),
	(458,'1981','1981-10-17','Miami FL','Win',14,10,'home',159,'https://i.imgur.com/VWVGw2b.png','https://i.imgur.com/NJTq59f.png',NULL,NULL),
	(459,'1981','1981-10-10','Colorado State','Win',37,27,'road',158,'https://i.imgur.com/b10P2XX.png','https://i.imgur.com/wfJAf3V.png',NULL,NULL),
	(460,'1981','1981-10-03','Missouri','Loss',3,14,'neutral',159,'https://i.imgur.com/McdJLRV.png','https://i.imgur.com/NJTq59f.png',NULL,NULL),
	(461,'1981','1981-09-26','Florida','Win',28,7,'neutral',159,'https://i.imgur.com/LovCmnY.png','https://i.imgur.com/NJTq59f.png',NULL,NULL),
	(462,'1981','1981-09-19','Vanderbilt','Win',29,9,'home',159,'https://i.imgur.com/KCA6Oyq.png','https://i.imgur.com/NJTq59f.png',NULL,NULL),
	(463,'1981','1981-09-05','Memphis','Win',20,3,'neutral',159,'https://i.imgur.com/PQfL3GD.png','https://i.imgur.com/NJTq59f.png',NULL,NULL),
	(464,'1980','1980-12-27','Nebraska','Loss',17,31,'sunBowl',161,'https://i.imgur.com/b10P2XX.png','https://i.imgur.com/IOpeBIY.png','Bowl Game Uniform History','https://www.hailstateunis.com/bowl-game-uniform-history.html'),
	(465,'1980','1980-11-22','Ole Miss','Win',19,14,'neutral',161,'https://i.imgur.com/b10P2XX.png','https://i.imgur.com/sRSnqrz.png',NULL,NULL),
	(466,'1980','1980-11-15','LSU','Win',55,31,'neutral',162,'https://i.imgur.com/LGTwJPs.png','https://i.imgur.com/NJTq59f.png',NULL,NULL),
	(467,'1980','1980-11-01','Alabama','Win',6,3,'neutral',162,'https://i.imgur.com/pQVWncw.png','https://i.imgur.com/NJTq59f.png',NULL,NULL),
	(468,'1980','1980-10-25','Auburn','Win',24,21,'neutral',162,'https://i.imgur.com/GKDnxqD.png','https://i.imgur.com/NJTq59f.png',NULL,NULL),
	(469,'1980','1980-10-18','Miami FL','Win',34,31,'road',161,'https://i.imgur.com/b10P2XX.png','https://i.imgur.com/bfSNCyl.png',NULL,NULL),
	(470,'1980','1980-10-11','Southern Miss','Loss',14,42,'home',162,'https://i.imgur.com/IIQwFM5.png','https://i.imgur.com/NJTq59f.png',NULL,NULL),
	(471,'1980','1980-10-04','Illinois','Win',28,21,'road',161,'https://i.imgur.com/b10P2XX.png','https://i.imgur.com/2P1B62x.png',NULL,NULL),
	(472,'1980','1980-09-27','Florida','Loss',15,21,'road',161,'https://i.imgur.com/b10P2XX.png','https://i.imgur.com/prt2bar.png',NULL,NULL),
	(473,'1980','1980-09-20','Vanderbilt','Win',24,14,'road',161,'https://i.imgur.com/b10P2XX.png','https://i.imgur.com/sqxq4l2.png',NULL,NULL),
	(474,'1980','1980-09-13','Louisiana Tech','Win',31,11,'home',162,'https://i.imgur.com/OiKpe69.png','https://i.imgur.com/NJTq59f.png',NULL,NULL),
	(475,'1980','1980-10-06','Memphis','Win',34,7,'road',161,'https://i.imgur.com/b10P2XX.png','https://i.imgur.com/i99LNfH.png',NULL,NULL),
	(476,'1974','1974-12-28','North Carolina','Win',26,24,'sunBowl',163,'https://i.imgur.com/VvbKrmC.png','https://i.imgur.com/V8w4Qi9.png','Bowl Game Uniform History','https://www.hailstateunis.com/bowl-game-uniform-history.html'),
	(477,'1963','1963-12-21','NC State','Win',16,12,'libertyBowl',164,'https://i.imgur.com/qUgyqd1.png','https://i.imgur.com/VeUCfID.png','Bowl Game Uniform History','https://www.hailstateunis.com/bowl-game-uniform-history.html'),
	(478,'1940','1941-01-01','Georgetown','Win',14,7,'orangeBowl',165,'https://i.imgur.com/kgJ8NTo.png','https://i.imgur.com/4xFrC4z.png','Bowl Game Uniform History','https://www.hailstateunis.com/bowl-game-uniform-history.html'),
	(479,'1936','1937-01-01','Duquesne','Loss',12,13,'orangeBowl',166,'https://i.imgur.com/IgRHcPz.png','https://i.imgur.com/8xwAt9m.png','Bowl Game Uniform History','https://www.hailstateunis.com/bowl-game-uniform-history.html'),
	(480,'2019','2019-12-30','Louisville','Loss',28,38,'musicCityBowl',167,'https://i.imgur.com/lgiwEIe.png','https://i.imgur.com/ACSMBxp.png','Bulldogs Lose Music City Bowl in All-White','https://www.hailstateunis.com/2019-football-season/bulldogs-lose-music-city-bowl-in-all-white'),
	(481,'2020','2020-09-26','LSU','Win',44,34,'road',171,'https://i.imgur.com/WiEEciU.png','https://i.imgur.com/eLQpKxb.png','Mississippi State Kicks Off Leach Era with Upset Win over Defending National Champion LSU','https://www.hailstateunis.com/2020-football-season/mississippi-state-kicks-off-leach-era-with-upset-win-over-defending-national-champion-lsu'),
	(482,'2020','2020-10-03','Arkansas','Loss',14,21,'home',173,'https://i.imgur.com/utf550q.png','https://i.imgur.com/e3vqmWr.png','\nArkansas Upsets Mississippi State to Spoil 2020 Home Opener','https://www.hailstateunis.com/2020-football-season/arkansas-upsets-mississippi-state-to-spoil-2020-home-opener'),
	(483,'2020','2020-10-10','Kentucky','Loss',2,24,'road',172,'https://i.imgur.com/WiEEciU.png','https://i.imgur.com/URKOB22.png','Mississippi State Offense Grinds to a Halt at Kentucky','https://www.hailstateunis.com/2020-football-season/mississippi-state-offense-grinds-to-a-halt-at-kentucky'),
	(484,'2020','2020-10-17','Texas A&M','Loss',14,28,'home',174,'https://i.imgur.com/pn4alge.png','https://i.imgur.com/e3vqmWr.png','Mississippi State Goes All-Maroon Against Texas A&M','https://www.hailstateunis.com/2020-football-season/mississippi-state-goes-all-maroon-against-texas-am'),
	(485,'2020','2020-10-31','Alabama','Loss',0,41,'road',175,'https://i.imgur.com/WiEEciU.png','https://i.imgur.com/LazHS0m.png','Bulldogs Travel to Tuscaloosa on Halloween Night','https://www.hailstateunis.com/2020-football-season/bulldogs-travel-to-tuscaloosa-on-halloween-night'),
	(486,'2020','2020-11-07','Vanderbilt','Win',24,17,'home',176,'https://i.imgur.com/5CbyFb5.png','https://i.imgur.com/cMy8IZH.png','The Flying M Returns as Mississippi State Beats Vanderbilt on Homecoming','https://www.hailstateunis.com/2020-football-season/the-flying-m-returns-as-mississippi-state-beats-vanderbilt-on-homecoming'),
	(487,'2020','2020-12-19','Missouri','Win',51,32,'home',177,'https://i.imgur.com/lfWt95q.png','https://i.imgur.com/EbHLM5N.png','Mississippi State Wears Black Helmets for First Time Ever in Mid-December Trouncing of Missouri','https://www.hailstateunis.com/2020-football-season/mississippi-state-wears-black-helmets-for-first-time-ever-in-mid-december-trouncing-of-missouri'),
	(488,'2020','2020-11-21','Georgia','Loss',24,31,'road',178,'https://i.imgur.com/WiEEciU.png','https://i.imgur.com/J6pS7dr.png','Bulldogs Wear Maroon-White-Maroon in Hard Fought Loss in Athens','https://www.hailstateunis.com/2020-football-season/bulldogs-wear-maroon-white-maroon-in-hard-fought-loss-in-athens'),
	(489,'2020','2020-11-28','Ole Miss','Loss',24,31,'road',179,'https://i.imgur.com/lGg5wHW.png','https://i.imgur.com/yGGkG9v.png','State Debuts New White Helmet Design in Oxford','https://www.hailstateunis.com/2020-football-season/state-debuts-new-white-helmet-design-in-oxford'),
	(490,'2020','2020-12-12','Auburn','Loss',10,24,'home',181,'https://i.imgur.com/KDuTHBJ.png','https://i.imgur.com/e3vqmWr.png','Bulldogs Go With Classic Maroon-Maroon-White for Senior Night','https://www.hailstateunis.com/2020-football-season/bulldogs-go-with-classic-maroon-maroon-white-for-senior-night'),
	(491,'2020','2020-12-31','Tulsa','Win',28,26,'armedForcesBowl',182,'https://i.imgur.com/pCQYmVx.png','https://i.imgur.com/e3vqmWr.png','Mississippi State Wins Armed Forces Bowl in All-Maroon Mississippi State Wins Armed Forces Bowl in A','https://www.hailstateunis.com/2020-football-season/mississippi-state-wins-armed-forces-bowl-in-all-maroon');

/*!40000 ALTER TABLE `game` ENABLE KEYS */;
UNLOCK TABLES;


# Dump of table helmet
# ------------------------------------------------------------

DROP TABLE IF EXISTS `helmet`;

CREATE TABLE `helmet` (
  `helmetID` int(11) NOT NULL AUTO_INCREMENT,
  `hColor` varchar(30) DEFAULT NULL,
  `hName` varchar(50) DEFAULT NULL,
  `hImage` varchar(100) DEFAULT NULL,
  PRIMARY KEY (`helmetID`)
) ENGINE=InnoDB AUTO_INCREMENT=39 DEFAULT CHARSET=utf8mb4;

LOCK TABLES `helmet` WRITE;
/*!40000 ALTER TABLE `helmet` DISABLE KEYS */;

INSERT INTO `helmet` (`helmetID`, `hColor`, `hName`, `hImage`)
VALUES
	(1,'maroon','2019 egg bowl gloss maroon helmets','https://i.imgur.com/zjH87Ih.png'),
	(2,'matte maroon','2019 matte maroon helmets','https://i.imgur.com/CqR9946.png'),
	(3,'matte maroon','2018 matte maroon helmets','https://i.imgur.com/WJcs9nF.png'),
	(4,'silver','2018 statesman silver helmets','https://i.imgur.com/gEQ5jX9.png'),
	(5,'maroon','2018 gloss maroon helmets','https://i.imgur.com/OjMo9y3.png'),
	(6,'silver','2016 silver helmets','https://i.imgur.com/VVHNFxf.png'),
	(7,'maroon','2015 gloss maroon helmets','https://i.imgur.com/5f87n4l.png'),
	(8,'matte maroon','2015 matte maroon helmets','https://i.imgur.com/cYEjYFr.png'),
	(9,'maroon','2015 early gloss maroon helmets','https://i.imgur.com/YpmTEDo.png'),
	(10,'maroon','2014 egg bowl gloss maroon helmets','https://i.imgur.com/xnakkTX.png'),
	(11,'gold','2013 egg bowl chrome gold helmets','https://i.imgur.com/sMJyvsA.png'),
	(12,'matte maroon','2012 egg bowl matte maroon helmets','https://i.imgur.com/7M1W6V0.png'),
	(13,'maroon','2011 egg bowl gloss maroon helmets','https://i.imgur.com/5frUgwZ.png'),
	(14,'matte maroon','2011 music city bowl matte maroon helmets','https://i.imgur.com/NKP5kBj.png'),
	(15,'maroon','2014 dws 100 gloss maroon helmets','https://i.imgur.com/6eN03Eq.png'),
	(16,'matte maroon','2012 matte maroon helmets','https://i.imgur.com/Y8tFPF4.png'),
	(17,'maroon','2012 gloss maroon helmets','https://i.imgur.com/K4osbyH.png'),
	(18,'matte maroon','2011 matte maroon helmets','https://i.imgur.com/k4RaZ9q.png'),
	(19,'maroon','2011 gloss maroon helmets','https://i.imgur.com/ChoJNhd.png'),
	(20,'maroon','2009 gloss maroon helmets','https://i.imgur.com/l2sjx41.png'),
	(21,'matte maroon','2013 bulldog matte maroon helmets','https://i.imgur.com/oLlqt6m.png'),
	(22,'white','2012 bulldog matte white helmets','https://i.imgur.com/70qrfLt.png'),
	(23,'white','2008 bca white helmets','https://i.imgur.com/3CBA9kL.png'),
	(24,'white','2004 white helmets','https://i.imgur.com/hY3q3GL.png'),
	(25,'white','2003 number white helmets','https://i.imgur.com/RxxeKLi.png'),
	(26,'white','2000 white helmets','https://i.imgur.com/AVW1amG.png'),
	(27,'maroon','1996 gloss maroon helmets','https://i.imgur.com/eh8jsKB.png'),
	(28,'maroon','1989 gloss maroon helmets','https://i.imgur.com/SP9f1cD.png'),
	(29,'maroon','1986 gloss maroon helmets','https://i.imgur.com/Hbl4uYP.png'),
	(30,'maroon','1979 gloss maroon helmets','https://i.imgur.com/OgOMDBn.png'),
	(31,'maroon','1973 gloss maroon helmets','https://i.imgur.com/VzMUnIt.png'),
	(32,'maroon','1963 bulldog gloss maroon helmets','https://i.imgur.com/lhV056C.png'),
	(33,'maroon','1941 maroon helmets','https://i.imgur.com/NlpXIBK.png'),
	(34,'unknown','1937 helmets','https://i.imgur.com/1188nT6.png'),
	(35,'white','2015 matte white helmets','https://i.imgur.com/HrpF0uN.png'),
	(36,'white','2020 flying m matte white helmets','https://i.imgur.com/FCLKHQ4.png'),
	(37,'black','2020 matte black helmets','https://i.imgur.com/cN7I2x6.png'),
	(38,'white','2020 matte white helmets','https://i.imgur.com/J8zp0gL.png');

/*!40000 ALTER TABLE `helmet` ENABLE KEYS */;
UNLOCK TABLES;


# Dump of table jersey
# ------------------------------------------------------------

DROP TABLE IF EXISTS `jersey`;

CREATE TABLE `jersey` (
  `jerseyID` int(11) NOT NULL AUTO_INCREMENT,
  `jColor` varchar(30) DEFAULT NULL,
  `jName` varchar(50) DEFAULT NULL,
  `jImage` varchar(100) DEFAULT NULL,
  PRIMARY KEY (`jerseyID`)
) ENGINE=InnoDB AUTO_INCREMENT=71 DEFAULT CHARSET=utf8mb4;

LOCK TABLES `jersey` WRITE;
/*!40000 ALTER TABLE `jersey` DISABLE KEYS */;

INSERT INTO `jersey` (`jerseyID`, `jColor`, `jName`, `jImage`)
VALUES
	(1,'maroon','2019 egg bowl maroon jerseys','https://i.imgur.com/D9sDzlC.png'),
	(2,'black','2019 black jerseys','https://i.imgur.com/7eN6UGn.png'),
	(3,'white','2016 white jerseys','https://i.imgur.com/UM6iYKd.png'),
	(4,'maroon','2017 maroon jerseys','https://i.imgur.com/SY0zQg9.png'),
	(5,'white','2016 white jerseys (2019 outback bowl)','https://i.imgur.com/BxuwwQP.png'),
	(6,'gray','2018 statesman gray jerseys','https://i.imgur.com/pFV1YBC.png'),
	(7,'maroon','2017 maroon jerseys (2017 taxslayer bowl)','https://i.imgur.com/4DwPUyM.png'),
	(8,'maroon','2015 maroon jerseys','https://i.imgur.com/HPF7D4S.png'),
	(9,'maroon','2015 maroon jerseys (2015 belk bowl)','https://i.imgur.com/6KXANnm.png'),
	(10,'maroon','2015 maroon jerseys (2016 st. petersburg bowl)','https://i.imgur.com/cGx3BQW.png'),
	(11,'white','2015 white jerseys','https://i.imgur.com/u3mCi3A.png'),
	(12,'white','2014 orange bowl white jerseys','https://i.imgur.com/GnNRPAJ.png'),
	(13,'maroon','2017 veterans day maroon jerseys','https://i.imgur.com/Wl4NDSu.png'),
	(14,'black','2015 black jerseys','https://i.imgur.com/KLXF7dA.png'),
	(15,'black','2016 black jerseys','https://i.imgur.com/MAyBwkP.png'),
	(16,'white','2016 patriots white jerseys','https://i.imgur.com/7MaWZyl.png'),
	(17,'maroon','2014 dws 100 maroon jerseys','https://i.imgur.com/x6Xsvya.png'),
	(18,'maroon','2012 maroon jerseys (2013 liberty bowl)','https://i.imgur.com/3Y2i4FG.png'),
	(19,'white','2012 snow bowl white jerseys (2013 gator bowl)','https://i.imgur.com/38u9ssq.png'),
	(20,'white','2012 snow bowl white jerseys','https://i.imgur.com/LO5RVg8.png'),
	(21,'white','2012 white jerseys','https://i.imgur.com/lgbqdLt.png'),
	(22,'maroon','2012 maroon jerseys','https://i.imgur.com/8vpUZLJ.png'),
	(23,'white','2014 egg bowl white jerseys','https://i.imgur.com/5PK80Zq.png'),
	(24,'maroon','2013 egg bowl maroon jerseys','https://i.imgur.com/x8y3i20.png'),
	(25,'white','2012 egg bowl white jerseys','https://i.imgur.com/iNc0bKQ.png'),
	(26,'maroon','2011 egg bowl maroon jerseys','https://i.imgur.com/rNfzcZh.png'),
	(27,'white','2009 white jerseys (2011 gator bowl)','https://i.imgur.com/HtDMpi3.png'),
	(28,'white','2009 white jerseys (2011 music city bowl)','https://i.imgur.com/QQu1CSL.png'),
	(29,'black','2009 black jerseys','https://i.imgur.com/9wgSjug.png'),
	(30,'white','2009 white jerseys','https://i.imgur.com/AeJNrj6.png'),
	(31,'maroon','2009 maroon jerseys','https://i.imgur.com/LTc99T0.png'),
	(32,'maroon','2004 maroon jerseys (2007 liberty bowl)','https://i.imgur.com/OYdgwHW.png'),
	(33,'white','2004 white jerseys','https://i.imgur.com/OzuJ00k.png'),
	(34,'maroon','2004 maroon jerseys','https://i.imgur.com/t4jdQl3.png'),
	(35,'white','1996 white jerseys (2000 independence bowl)','https://i.imgur.com/9o4E9vf.png'),
	(36,'maroon','1996 maroon jerseys (1999 peach bowl)','https://i.imgur.com/e7QcY3L.png'),
	(37,'white','1996 white jerseys (1999 cotton bowl)','https://i.imgur.com/5KT4R4z.png'),
	(38,'white','1996 white jerseys','https://i.imgur.com/XL1GXm0.png'),
	(39,'maroon','1996 maroon jerseys','https://i.imgur.com/oVg5X1S.png'),
	(40,'white','1995 white jerseys','https://i.imgur.com/LsdXUZt.png'),
	(41,'maroon','1995 maroon jerseys','https://i.imgur.com/1VUeTRz.png'),
	(42,'white','1991 white jerseys (1993/1995 peach bowl)','https://i.imgur.com/AL8mBCw.png'),
	(43,'maroon','1991 maroon jerseys (1991 liberty bowl)','https://i.imgur.com/pNL6mTd.png'),
	(44,'white','1991 white jerseys','https://i.imgur.com/LsdXUZt.png'),
	(45,'maroon','1991 maroon jerseys','https://i.imgur.com/1VUeTRz.png'),
	(46,'white','1990 white jerseys','https://i.imgur.com/X4P9sop.png'),
	(47,'maroon','1990 maroon jerseys','https://i.imgur.com/9NFXBTB.png'),
	(48,'white','1989 white jerseys','https://i.imgur.com/yPvkC35.png'),
	(49,'maroon','1989 maroon jerseys','https://i.imgur.com/zKlhHix.png'),
	(50,'white','1986 white jerseys','https://i.imgur.com/DWhOAh3.png'),
	(51,'maroon','1986 maroon jerseys','https://i.imgur.com/WySEueI.png'),
	(52,'white','1984 white jerseys','https://i.imgur.com/vtFNegr.png'),
	(53,'maroon','1984 maroon jerseys','https://i.imgur.com/ICp7LfE.png'),
	(54,'white','1983 white jerseys','https://i.imgur.com/t4B9bK5.png'),
	(55,'maroon','1983 maroon jerseys','https://i.imgur.com/PYkVtoi.png'),
	(56,'white','1982 white jerseys','https://i.imgur.com/eBvpGnR.png'),
	(57,'maroon','1982 maroon jerseys','https://i.imgur.com/6Q3cQbs.png'),
	(58,'white','1981 white jerseys','https://i.imgur.com/YRzJDET.png'),
	(59,'maroon','1981 maroon jerseys','https://i.imgur.com/MqpI3Dq.png'),
	(60,'maroon','1981 maroon jerseys (1981 hall of fame bowl)','https://i.imgur.com/abxczDu.png'),
	(61,'white','1980 white jerseys','https://i.imgur.com/0Gx1U7F.png'),
	(62,'maroon','1980 maroon jerseys','https://i.imgur.com/HfKyXUK.png'),
	(63,'maroon','1974 maroon jerseys','https://i.imgur.com/ZX0Yar1.png'),
	(64,'maroon','1963 maroon jerseys','https://i.imgur.com/6vK8cyz.png'),
	(65,'maroon','1941 maroon jerseys','https://i.imgur.com/desUL8Y.png'),
	(66,'maroon','1937 maroon jerseys','https://i.imgur.com/LSqiGEo.png'),
	(67,'white','2016 white jerseys (2019 music city bowl)','https://i.imgur.com/5jqeltH.png'),
	(68,'maroon','2020 flying m maroon jerseys','https://i.imgur.com/eG8lvHz.png'),
	(69,'black','2020 black jerseys','https://i.imgur.com/02lk94S.png'),
	(70,'maroon','2017 maroon jerseys (2020 armed forces bowl)','https://i.imgur.com/8twLupj.png');

/*!40000 ALTER TABLE `jersey` ENABLE KEYS */;
UNLOCK TABLES;


# Dump of table opponent
# ------------------------------------------------------------

DROP TABLE IF EXISTS `opponent`;

CREATE TABLE `opponent` (
  `opponentName` varchar(30) NOT NULL,
  `conference` varchar(30) DEFAULT NULL,
  `colorA` varchar(30) DEFAULT NULL,
  `colorB` varchar(30) DEFAULT NULL,
  PRIMARY KEY (`opponentName`)
) ENGINE=InnoDB DEFAULT CHARSET=utf8mb4;

LOCK TABLES `opponent` WRITE;
/*!40000 ALTER TABLE `opponent` DISABLE KEYS */;

INSERT INTO `opponent` (`opponentName`, `conference`, `colorA`, `colorB`)
VALUES
	('Abilene Christian','FCS','#42216e','white'),
	('Air Force','Mountian West','#094b9a','#aca9a7'),
	('Alabama','SEC West','#91002a','white'),
	('Alcorn State','FCS','#b79e6a','#491e6a'),
	('Arkansas','SEC West','#992231','white'),
	('Arkansas State','Sun Belt','black','#d02030'),
	('Auburn','SEC West','#092647','#e85e33'),
	('Baylor','Big 12','#003926','#ffab09'),
	('Bowling Green','MAC','#4f2c1d','#fe5000'),
	('BYU','Independent','#002255','white'),
	('Cal St. Fullerton','FCS','#072348','#f08031'),
	('Charleston Southern','FCS','#012650','#a8996e'),
	('Clemson','ACC','#e12c08','white'),
	('Colorado State','Mountian West','#0e2e1d','#a58749'),
	('Duquesne','FCS','#06193b','#c42c47'),
	('East Tennessee St.','FCS','#04193d','#fcb620'),
	('Florida','SEC East','#273991','#ea2600'),
	('Gardner-Webb','FCS','#bb112e','white'),
	('Georgetown','FCS','#cbc1b0','#011d3f'),
	('Georgia','SEC East','#bf0514','white'),
	('Georgia Tech','ACC','#b5a269','#012441'),
	('Houston','American','#ca1528','white'),
	('Illinois','Big Ten','#e0311b','#0b1a39'),
	('Iowa','Big Ten','black','#ffcc00'),
	('Jackson State','FCS','#002147','white'),
	('Jacksonville State','FCS','#ce2323','white'),
	('Kansas','Big 12','#0554ba','#d8091b'),
	('Kansas State','Big 12','#b2b1b1','#5e3788'),
	('Kentucky','SEC East','#00419c','white'),
	('Louisiana','Sun Belt','#a60d1d','white'),
	('Louisiana Tech','Conference USA','#cb333b','#003087'),
	('Louisville','ACC','#ca0e33','white'),
	('LSU','SEC West','#f4ac3d','#2c1359'),
	('Maine','FCS','#032a53','#3098d4'),
	('Memphis','American','#144bbf','white'),
	('Miami FL','ACC','#005030','#f05a00'),
	('Miami OH','MAC','#b6191d','white'),
	('Michigan','Big Ten','#0c2345','#f2c101'),
	('Middle Tennessee','Conference USA','#a8a8a8','#1666d3'),
	('Missouri','SEC East','black','#ec8504'),
	('Murray State','FCS','#043163','#fcb724'),
	('Navy','American','#021743','#a28b39'),
	('NC State','ACC','#b51231','white'),
	('Nebraska','Big Ten','#e41c38','white'),
	('North Carolina','ACC','#6ba1cc','#0b1b39'),
	('Northwestern','Big Ten','#431f81','white'),
	('Northwestern State','FCS','#f2682a','#492f91'),
	('Oklahoma State','Big 12','black','#ff6c00'),
	('Ole Miss','SEC West','#0e2143','#d2233a'),
	('Oregon','Pac 12','#173d35','#ffe115'),
	('Rice','Conference USA','#061838','white'),
	('Samford','FCS','#0c2341','#c00c31'),
	('SE Louisiana','FCS','#1a704d','#deb02e'),
	('South Alabama','Sun Belt','#13182e','#b8143f'),
	('South Carolina','SEC East','#6f1028','white'),
	('Southern Miss','Conference USA','black','#ffc209'),
	('Stephen F. Austin','FCS','#362170','white'),
	('Syracuse','ACC','#e64e1d','#162e57'),
	('Tennessee','SEC East','#e9863d','white'),
	('Tennessee State','FCS','#0053ab','white'),
	('Texas','Big 12','#b55c22','white'),
	('Texas A&M','SEC West','#370d0e','white'),
	('Troy','Sun Belt','#9e0531','#b3b5b8'),
	('Tulane','American','#006647','white'),
	('Tulsa','American','#b5985b','#2147a5'),
	('UAB','Conference USA','#ba9c60','#034f35'),
	('UCF','American','#be9446','black'),
	('UL Monroe','Sun Belt','#7b1627','#f9b82d'),
	('UMass','Independent','#6f0d14','white'),
	('UT Martin','FCS','#002649','#f8521c'),
	('Vanderbilt','SEC East','#a8996e','black'),
	('Wake Forest','ACC','black','#bba16a'),
	('West Virginia','Big 12','#002855','#eaaa00');

/*!40000 ALTER TABLE `opponent` ENABLE KEYS */;
UNLOCK TABLES;


# Dump of table pants
# ------------------------------------------------------------

DROP TABLE IF EXISTS `pants`;

CREATE TABLE `pants` (
  `pantsID` int(11) NOT NULL,
  `pColor` varchar(30) DEFAULT NULL,
  `pName` varchar(50) DEFAULT NULL,
  `pImage` varchar(100) DEFAULT NULL,
  PRIMARY KEY (`pantsID`)
) ENGINE=InnoDB DEFAULT CHARSET=utf8mb4;

LOCK TABLES `pants` WRITE;
/*!40000 ALTER TABLE `pants` DISABLE KEYS */;

INSERT INTO `pants` (`pantsID`, `pColor`, `pName`, `pImage`)
VALUES
	(0,'white','2018 white pants','https://i.imgur.com/RcZBLim.png'),
	(1,'maroon','2019 egg bowl maroon pants','https://i.imgur.com/24v2Jt5.png'),
	(2,'black','2019 black pants','https://i.imgur.com/7eN6UGn.png'),
	(3,'gray','2018 gray pants','https://i.imgur.com/xh77cgA.png'),
	(4,'maroon','2018 maroon pants','https://i.imgur.com/fI8DHYp.png'),
	(5,'gray','2018 statesman gray pants','https://i.imgur.com/V7vj3YS.png'),
	(6,'gray','2015 gray pants','https://i.imgur.com/aMm20CO.png'),
	(7,'white','2016 white pants','https://i.imgur.com/UM6iYKd.png'),
	(8,'maroon','2016 maroon pants','https://i.imgur.com/SY0zQg9.png'),
	(9,'maroon','2016 patriots maroon pants','https://i.imgur.com/Dav0wAI.png'),
	(10,'black','2016 black pants','https://i.imgur.com/sZhump6.png'),
	(11,'maroon','2017 veterans day maroon pants','https://i.imgur.com/bOpLe0s.png'),
	(12,'black','2015 black pants','https://i.imgur.com/cLRw0RU.png'),
	(13,'maroon','2015 maroon pants','https://i.imgur.com/Omw6t6l.png'),
	(14,'white','2015 white pants','https://i.imgur.com/wY8Nv0Z.png'),
	(15,'white','2014 white pants','https://i.imgur.com/wTmDfer.png'),
	(16,'white','solid white pants','https://i.imgur.com/OlSSPlh.png'),
	(17,'maroon','solid maroon pants','https://i.imgur.com/9D1Ge9D.png'),
	(18,'maroon','2012 maroon pants','https://i.imgur.com/Kc4FkqF.png'),
	(19,'white','2012 white pants','https://i.imgur.com/onGYZ6z.png'),
	(20,'white','2012 snow bowl white pants','https://i.imgur.com/ocdsrC4.png'),
	(21,'gray','2012 gray pants','https://i.imgur.com/llc2ZC1.png'),
	(22,'maroon','2013 egg bowl maroon pants','https://i.imgur.com/62gg6DW.png'),
	(23,'black','2010 black pants','https://i.imgur.com/rcwliN6.png'),
	(24,'maroon','2009 maroon pants','https://i.imgur.com/xcnF1Qq.png'),
	(25,'white','2009 white pants','https://i.imgur.com/QeOEK0T.png'),
	(26,'maroon','2006 maroon pants','https://i.imgur.com/EXcfChd.png'),
	(27,'white','2004 white pants','https://i.imgur.com/nrCrXrQ.png'),
	(28,'maroon','1997 maroon pants','https://i.imgur.com/7qVjvZT.png'),
	(29,'white','1997 white pants','https://i.imgur.com/CFiUtgx.png'),
	(30,'maroon','1992 maroon pants','https://i.imgur.com/bparyCz.png'),
	(31,'white','1991 white pants','https://i.imgur.com/P4Dld9M.png'),
	(32,'white','1989 white pants','https://i.imgur.com/snNN9ep.png'),
	(33,'silver','1986 silver pants','https://i.imgur.com/9SJ6c2T.png'),
	(34,'white','1980 white pants','https://i.imgur.com/piFYzui.png'),
	(35,'maroon','1941 maroon pants','https://i.imgur.com/apUaoQC.png'),
	(36,'white','2020 flying m white pants','https://i.imgur.com/4Sj3lj2.png'),
	(37,'black','2020 black pants','https://i.imgur.com/02lk94S.png');

/*!40000 ALTER TABLE `pants` ENABLE KEYS */;
UNLOCK TABLES;


# Dump of table season
# ------------------------------------------------------------

DROP TABLE IF EXISTS `season`;

CREATE TABLE `season` (
  `yr` year(4) NOT NULL,
  `head_coach` varchar(30) DEFAULT NULL,
  `wins` int(11) DEFAULT NULL,
  `losses` int(11) DEFAULT NULL,
  `sec_wins` int(11) DEFAULT NULL,
  `sec_losses` int(11) DEFAULT NULL,
  PRIMARY KEY (`yr`)
) ENGINE=InnoDB DEFAULT CHARSET=utf8mb4;

LOCK TABLES `season` WRITE;
/*!40000 ALTER TABLE `season` DISABLE KEYS */;

INSERT INTO `season` (`yr`, `head_coach`, `wins`, `losses`, `sec_wins`, `sec_losses`)
VALUES
	('1936','Ralph Sasse',7,3,3,2),
	('1940','Allyn McKeen',10,0,4,0),
	('1963','Paul Davis',7,2,4,1),
	('1974','Bob Tyler',9,3,3,3),
	('1980','Emory Bellard',9,3,5,1),
	('1981','Emory Bellard',8,4,4,2),
	('1982','Emory Bellard',5,6,2,4),
	('1983','Emory Bellard',3,8,1,5),
	('1984','Emory Bellard',4,7,1,5),
	('1985','Emory Bellard',5,6,0,6),
	('1986','Rockey Felker',6,5,2,4),
	('1987','Rockey Felker',4,7,1,5),
	('1988','Rockey Felker',1,10,0,7),
	('1989','Rockey Felker',5,6,1,6),
	('1990','Rockey Felker',5,6,1,6),
	('1991','Jackie Sherill',7,5,4,3),
	('1992','Jackie Sherill',7,5,4,4),
	('1993','Jackie Sherill',4,5,3,4),
	('1994','Jackie Sherill',8,4,5,3),
	('1995','Jackie Sherill',3,8,1,7),
	('1996','Jackie Sherill',5,6,3,5),
	('1997','Jackie Sherill',7,4,4,4),
	('1998','Jackie Sherill',8,5,6,2),
	('1999','Jackie Sherill',10,2,6,2),
	('2000','Jackie Sherill',8,4,4,4),
	('2001','Jackie Sherill',3,8,2,6),
	('2002','Jackie Sherill',3,9,0,8),
	('2003','Jackie Sherill',2,10,1,7),
	('2004','Sylvester Croom',3,8,2,6),
	('2005','Sylvester Croom',3,8,1,7),
	('2006','Sylvester Croom',3,9,1,7),
	('2007','Sylvester Croom',8,5,4,4),
	('2008','Sylvester Croom',4,8,2,6),
	('2009','Dan Mullen',5,7,3,5),
	('2010','Dan Mullen',9,4,4,4),
	('2011','Dan Mullen',7,6,2,6),
	('2012','Dan Mullen',8,5,4,4),
	('2013','Dan Mullen',7,6,3,5),
	('2014','Dan Mullen',10,3,6,2),
	('2015','Dan Mullen',9,4,4,4),
	('2016','Dan Mullen',6,7,3,5),
	('2017','Dan Mullen',9,4,4,4),
	('2018','Joe Moorhead',8,5,4,4),
	('2019','Joe Moorhead',6,7,3,5),
	('2020','Mike Leach',4,7,3,7),
	('2021','Mike Leach',0,0,0,0);

/*!40000 ALTER TABLE `season` ENABLE KEYS */;
UNLOCK TABLES;



/*!40111 SET SQL_NOTES=@OLD_SQL_NOTES */;
/*!40101 SET SQL_MODE=@OLD_SQL_MODE */;
/*!40014 SET FOREIGN_KEY_CHECKS=@OLD_FOREIGN_KEY_CHECKS */;
/*!40101 SET CHARACTER_SET_CLIENT=@OLD_CHARACTER_SET_CLIENT */;
/*!40101 SET CHARACTER_SET_RESULTS=@OLD_CHARACTER_SET_RESULTS */;
/*!40101 SET COLLATION_CONNECTION=@OLD_COLLATION_CONNECTION */;
