# ************************************************************
# Sequel Ace SQL dump
# Version 3034
#
# https://sequel-ace.com/
# https://github.com/Sequel-Ace/Sequel-Ace
#
# Host: ls-ed52acd835d3b04e8df8a962fff8a5e1f827d6c5.camxrlw6o2ww.us-east-1.rds.amazonaws.com (MySQL 5.7.33-log)
# Database: mbktabledata
# Generation Time: 2021-07-25 01:33:44 +0000
# ************************************************************


/*!40101 SET @OLD_CHARACTER_SET_CLIENT=@@CHARACTER_SET_CLIENT */;
/*!40101 SET @OLD_CHARACTER_SET_RESULTS=@@CHARACTER_SET_RESULTS */;
/*!40101 SET @OLD_COLLATION_CONNECTION=@@COLLATION_CONNECTION */;
SET NAMES utf8mb4;
/*!40014 SET @OLD_FOREIGN_KEY_CHECKS=@@FOREIGN_KEY_CHECKS, FOREIGN_KEY_CHECKS=0 */;
/*!40101 SET @OLD_SQL_MODE='NO_AUTO_VALUE_ON_ZERO', SQL_MODE='NO_AUTO_VALUE_ON_ZERO' */;
/*!40111 SET @OLD_SQL_NOTES=@@SQL_NOTES, SQL_NOTES=0 */;


# Dump of table game
# ------------------------------------------------------------

DROP TABLE IF EXISTS `game`;

CREATE TABLE `game` (
  `gameID` int(11) NOT NULL AUTO_INCREMENT,
  `yr` varchar(7) DEFAULT NULL,
  `gameday` date DEFAULT NULL,
  `opponentName` varchar(30) DEFAULT NULL,
  `result` varchar(10) DEFAULT NULL,
  `points_for` int(11) DEFAULT NULL,
  `points_against` int(11) DEFAULT NULL,
  `type` varchar(50) DEFAULT NULL,
  `location` varchar(30) DEFAULT NULL,
  `uniformID` int(11) NOT NULL,
  PRIMARY KEY (`gameID`,`uniformID`),
  KEY `yr` (`yr`),
  KEY `opponentName` (`opponentName`),
  KEY `uniformID` (`uniformID`),
  CONSTRAINT `game_ibfk_1` FOREIGN KEY (`yr`) REFERENCES `season` (`yr`),
  CONSTRAINT `game_ibfk_2` FOREIGN KEY (`opponentName`) REFERENCES `opponent` (`opponentName`),
  CONSTRAINT `game_ibfk_3` FOREIGN KEY (`uniformID`) REFERENCES `uniform` (`uniformID`)
) ENGINE=InnoDB AUTO_INCREMENT=581 DEFAULT CHARSET=utf8mb4;

LOCK TABLES `game` WRITE;
/*!40000 ALTER TABLE `game` DISABLE KEYS */;

INSERT INTO `game` (`gameID`, `yr`, `gameday`, `opponentName`, `result`, `points_for`, `points_against`, `type`, `location`, `uniformID`)
VALUES
	(1,'19-2020','2020-03-07','Ole Miss','Win',69,44,'SEC','home',2),
	(2,'19-2020','2020-02-25','Alabama','Win',80,73,'SEC','home',1),
	(3,'19-2020','2020-02-11','Ole Miss','Loss',58,83,'SEC','road',3),
	(4,'19-2020','2019-12-14','Kansas State','Win',67,61,'Non-Conference','neutral',5),
	(5,'18-2019','2019-03-15','Tennessee','Loss',76,83,'SECT Quarterfinals','secT',9),
	(6,'19-2020','2019-12-18','Radford','Win',77,68,'Non-Conference','home',6),
	(7,'18-2019','2019-03-22','Liberty','Loss',76,80,'NCAA Round of 64','ncaa',7),
	(8,'19-2020','2020-03-03','South Carolina','Loss',71,83,'SEC','road',2),
	(9,'19-2020','2020-02-29','Missouri','Win',67,63,'SEC','road',2),
	(10,'19-2020','2020-02-22','Texas A&M','Loss',75,87,'SEC','road',2),
	(11,'19-2020','2020-02-19','South Carolina','Win',79,76,'SEC','home',1),
	(12,'19-2020','2020-02-15','Arkansas','Win',78,77,'SEC','road',2),
	(13,'19-2020','2020-02-08','Vanderbilt','Win',80,70,'SEC','home',1),
	(14,'19-2020','2020-02-04','Kentucky','Loss',72,80,'SEC','road',3),
	(15,'19-2020','2020-02-01','Tennessee','Win',86,73,'SEC','home',3),
	(16,'19-2020','2020-01-28','Florida','Win',78,71,'SEC','road',3),
	(17,'19-2020','2020-01-22','Arkansas','Win',77,70,'SEC','home',3),
	(18,'19-2020','2020-01-18','Georgia','Win',91,59,'SEC','home',1),
	(19,'19-2020','2020-01-14','Missouri','Win',72,45,'SEC','home',3),
	(20,'19-2020','2020-01-11','LSU','Loss',59,60,'SEC','road',4),
	(21,'19-2020','2020-01-08','Alabama','Loss',69,90,'SEC','road',2),
	(22,'19-2020','2020-01-04','Auburn','Loss',68,80,'SEC','home',1),
	(23,'19-2020','2020-01-25','Oklahoma','Loss',62,63,'Non-Conference','road',4),
	(24,'19-2020','2019-12-30','Kent State','Win',96,68,'Non-Conference','home',3),
	(25,'19-2020','2019-12-22','New Mexico St.','Loss',52,58,'Non-Conference','neutral',2),
	(26,'19-2020','2019-12-05','Louisiana Tech','Loss',67,74,'Non-Conference','home',1),
	(27,'19-2020','2019-11-24','Coastal Carolina','Win',81,56,'Non-Conference','road',2),
	(28,'19-2020','2019-11-22','Villanova','Loss',76,83,'Non-Conference','neutral',2),
	(29,'19-2020','2019-11-21','Tulane','Win',80,66,'Non-Conference','neutral',5),
	(30,'19-2020','2019-11-17','New Orleans','Win',82,59,'Non-Conference','home',3),
	(31,'19-2020','2019-11-14','UL Monroe','Win',62,45,'Non-Conference','home',2),
	(32,'19-2020','2019-11-08','Sam Houston St.','Win',67,58,'Non-Conference','home',1),
	(33,'19-2020','2019-11-05','FIU','Win',77,69,'Non-Conference','home',1),
	(34,'18-2019','2019-03-14','Texas A&M','Win',80,54,'SECT Second Round','secT',8),
	(35,'18-2019','2019-03-09','Texas A&M','Win',92,81,'SEC','home',8),
	(36,'18-2019','2019-03-05','Tennessee','Loss',54,71,'SEC','road',9),
	(37,'18-2019','2019-03-02','Auburn','Loss',75,80,'SEC','road',10),
	(38,'18-2019','2019-02-26','Missouri','Win',68,49,'SEC','home',12),
	(39,'18-2019','2019-02-23','South Carolina','Win',76,61,'SEC','home',12),
	(40,'18-2019','2019-02-20','Georgia','Win',68,67,'SEC','road',9),
	(41,'18-2019','2019-02-16','Arkansas','Win',77,67,'SEC','road',9),
	(42,'18-2019','2019-02-12','Alabama','Win',81,62,'SEC','home',11),
	(43,'18-2019','2019-02-09','Kentucky','Loss',67,71,'SEC','home',8),
	(44,'18-2019','2019-02-06','LSU','Loss',88,92,'SEC','home',8),
	(45,'18-2019','2019-02-02','Ole Miss','Win',81,75,'SEC','road',9),
	(46,'18-2019','2019-01-29','Alabama','Loss',79,83,'SEC','road',9),
	(47,'18-2019','2019-01-26','Auburn','Win',92,84,'SEC','home',8),
	(48,'18-2019','2019-01-22','Kentucky','Loss',55,76,'SEC','road',10),
	(49,'18-2019','2019-01-19','Vanderbilt','Win',71,55,'SEC','road',9),
	(50,'18-2019','2019-01-15','Florida','Win',71,68,'SEC','home',8),
	(51,'18-2019','2019-01-12','Ole Miss','Loss',77,81,'SEC','home',9),
	(52,'18-2019','2019-01-08','South Carolina','Loss',82,87,'SEC','road',11),
	(53,'18-2019','2018-12-29','BYU','Win',103,81,'Non-Conference','home',8),
	(54,'18-2019','2018-12-22','Wright State','Win',67,63,'Non-Conference','neutral',13),
	(55,'18-2019','2018-12-19','Wofford','Win',98,87,'Non-Conference','home',8),
	(56,'18-2019','2018-12-15','Cincinnati','Win',70,59,'Non-Conference','home',10),
	(57,'18-2019','2018-12-08','Clemson','Win',82,71,'Non-Conference','neutral',8),
	(58,'18-2019','2018-12-04','McNeese St.','Win',90,77,'Non-Conference','home',8),
	(59,'18-2019','2018-11-30','Dayton','Win',65,58,'Non-Conference','road',10),
	(60,'18-2019','2018-11-26','Alcorn State','Win',88,65,'Non-Conference','home',8),
	(61,'18-2019','2018-11-21','Saint Mary\'s','Win',61,57,'Non-Conference','neutral',9),
	(62,'18-2019','2018-11-16','Long Beach St.','Win',79,51,'Non-Conference','home',13),
	(63,'18-2019','2018-11-11','Hartford','Win',77,59,'Non-Conference','home',8),
	(64,'18-2019','2018-11-09','Austin Peay','Win',95,67,'Non-Conference','home',8),
	(65,'18-2019','2018-11-19','Arizona State','Loss',67,72,'Non-Conference','neutral',9),
	(66,'17-2018','2018-03-27','Penn State','Loss',60,75,'NIT Semifinals','nitSemis',19),
	(67,'17-2018','2018-03-20','Louisville','Win',79,56,'NIT Quarterfinals','nit',10),
	(68,'17-2018','2018-03-18','Baylor','Win',78,77,'NIT Second Round','nit',10),
	(69,'17-2018','2018-03-14','Nebraska','Win',66,59,'NIT First Round','nit',14),
	(70,'17-2018','2018-03-09','Tennessee','Loss',59,62,'SECT Quarterfinals','secT',18),
	(71,'17-2018','2018-03-08','LSU','Win',80,77,'SECT Second Round','secT',17),
	(72,'17-2018','2018-03-03','LSU','Loss',57,78,'SEC','road',18),
	(73,'17-2018','2018-02-27','Tennessee','Loss',54,76,'SEC','home',17),
	(74,'17-2018','2018-02-24','South Carolina','Win',72,68,'SEC','home',17),
	(75,'17-2018','2018-02-20','Texas A&M','Win',93,81,'SEC','road',10),
	(76,'17-2018','2018-02-17','Ole Miss','Win',79,62,'SEC','home',17),
	(77,'17-2018','2018-02-14','Vanderbilt','Loss',80,81,'SEC','road',18),
	(78,'17-2018','2018-02-10','Missouri','Loss',85,89,'SEC','road',18),
	(79,'17-2018','2018-02-06','Alabama','Win',67,63,'SEC','home',19),
	(80,'17-2018','2018-02-03','Georgia','Win',72,57,'SEC','home',17),
	(81,'17-2018','2018-01-31','South Carolina','Win',81,76,'SEC','road',18),
	(82,'17-2018','2018-01-27','Missouri','Win',74,62,'SEC','home',17),
	(83,'17-2018','2018-01-23','Kentucky','Loss',65,78,'SEC','road',18),
	(84,'17-2018','2018-01-20','Alabama','Loss',62,68,'SEC','road',18),
	(85,'17-2018','2018-01-16','Vanderbilt','Win',80,62,'SEC','home',17),
	(86,'17-2018','2018-01-13','Auburn','Loss',68,76,'SEC','home',10),
	(87,'17-2018','2018-01-10','Florida','Loss',54,71,'SEC','road',18),
	(88,'17-2018','2018-01-06','Ole Miss','Loss',58,64,'SEC','road',19),
	(89,'17-2018','2018-01-02','Arkansas','Win',78,75,'SEC','home',17),
	(90,'17-2018','2017-12-30','North Florida','Win',109,81,'Non-Conference','home',17),
	(91,'17-2018','2017-12-23','Southern Miss','Win',70,64,'Non-Conference','neutral',19),
	(92,'17-2018','2017-12-20','Little Rock','Win',64,48,'Non-Conference','home',15),
	(93,'17-2018','2017-12-16','UT Martin','Win',92,61,'Non-Conference','home',16),
	(94,'17-2018','2017-12-12','Cincinnati','Loss',50,65,'Non-Conference','road',18),
	(95,'17-2018','2017-12-09','North Georgia','Win',95,62,'Non-Conference','home',17),
	(96,'17-2018','2017-12-03','Dayton','Win',61,59,'Non-Conference','home',17),
	(97,'17-2018','2017-11-30','North Dakota St.','Win',83,59,'Non-Conference','home',17),
	(98,'17-2018','2017-11-26','Jacksonville State','Win',59,56,'Non-Conference','home',17),
	(99,'17-2018','2017-11-22','Stephen F. Austin','Win',80,75,'Non-Conference','home',17),
	(100,'17-2018','2017-11-20','Green Bay','Win',77,68,'Non-Conference','home',17),
	(101,'17-2018','2017-11-18','Florida A&M','Win',79,48,'Non-Conference','home',17),
	(102,'17-2018','2017-11-10','Alabama State','Win',96,68,'Non-Conference','home',17),
	(103,'16-2017','2017-03-09','Alabama','Loss',55,75,'SECT Second Round','secT',20),
	(104,'16-2017','2017-03-08','LSU','Win',79,52,'SECT First Round','secT',21),
	(105,'16-2017','2017-03-04','LSU','Win',88,76,'SEC','home',22),
	(106,'16-2017','2017-02-28','South Carolina','Loss',57,63,'SEC','road',24),
	(107,'16-2017','2017-02-25','Vanderbilt','Loss',48,77,'SEC','road',18),
	(108,'16-2017','2017-02-21','Ole Miss','Loss',82,87,'SEC','home',15),
	(109,'16-2017','2017-02-18','Florida','Loss',52,57,'SEC','home',23),
	(110,'16-2017','2017-02-14','Georgia','Loss',72,79,'SEC','road',24),
	(111,'16-2017','2017-02-11','South Carolina','Loss',73,77,'SEC','home',15),
	(112,'16-2017','2017-02-07','Auburn','Loss',92,98,'SEC','road',18),
	(113,'16-2017','2017-02-04','Tennessee','Win',64,59,'SEC','home',18),
	(114,'16-2017','2017-01-31','Ole Miss','Loss',61,88,'SEC','road',24),
	(115,'16-2017','2017-01-28','Alabama','Loss',62,71,'SEC','road',18),
	(116,'16-2017','2017-01-25','Missouri','Win',89,74,'SEC','home',22),
	(117,'16-2017','2017-01-21','Tennessee','Loss',74,91,'SEC','road',24),
	(118,'16-2017','2017-01-17','Kentucky','Loss',81,88,'SEC','home',23),
	(119,'16-2017','2017-01-14','Texas A&M','Win',67,59,'SEC','home',24),
	(120,'16-2017','2017-01-10','Arkansas','Win',84,78,'SEC','road',18),
	(121,'16-2017','2017-01-07','LSU','Win',95,78,'SEC','road',18),
	(122,'16-2017','2017-01-03','Alabama','Loss',58,68,'SEC','home',23),
	(123,'16-2017','2016-12-29','Kansas City','Win',77,54,'Non-Conference','home',23),
	(124,'16-2017','2016-12-22','Morehead State','Win',85,76,'Non-Conference','home',23),
	(125,'16-2017','2016-12-19','Southern Miss','Win',86,44,'Non-Conference','neutral',23),
	(126,'16-2017','2016-12-14','East Tennessee St.','Loss',65,67,'Non-Conference','home',23),
	(127,'16-2017','2016-12-04','Georgia State','Win',82,60,'Non-Conference','home',23),
	(128,'16-2017','2016-12-01','Oregon State','Win',74,57,'Non-Conference','home',23),
	(129,'16-2017','2016-11-28','Northwestern State','Win',65,59,'Non-Conference','home',23),
	(130,'16-2017','2016-11-25','Lehigh','Loss',73,87,'Non-Conference','home',23),
	(131,'16-2017','2016-11-20','UTEP','Win',61,54,'Non-Conference','neutral',23),
	(132,'16-2017','2016-11-18','Boise State','Win',80,68,'Non-Conference','neutral',18),
	(133,'16-2017','2016-11-17','UCF','Loss',61,86,'Non-Conference','neutral',18),
	(134,'16-2017','2016-11-11','Norfolk State','Win',78,74,'Non-Conference','home',24),
	(135,'15-2016','2016-03-10','Georgia','Loss',69,79,'SECT Second Round','secT',25),
	(136,'15-2016','2016-03-05','Auburn','Win',79,66,'SEC','home',22),
	(137,'15-2016','2016-03-02','Ole Miss','Loss',78,86,'SEC','road',29),
	(138,'15-2016','2016-02-27','South Carolina','Win',68,58,'SEC','home',22),
	(139,'15-2016','2016-02-24','Texas A&M','Loss',66,68,'SEC','road',29),
	(140,'15-2016','2016-02-20','Alabama','Win',67,61,'SEC','road',29),
	(141,'15-2016','2016-02-16','Vanderbilt','Win',75,74,'SEC','home',30),
	(142,'15-2016','2016-02-13','Georgia','Loss',57,66,'SEC','home',30),
	(143,'15-2016','2016-02-09','Arkansas','Win',78,46,'SEC','home',30),
	(144,'15-2016','2016-02-06','LSU','Loss',77,88,'SEC','road',29),
	(145,'15-2016','2016-02-02','Alabama','Loss',80,82,'SEC','home',26),
	(146,'15-2016','2016-01-30','Missouri','Win',76,62,'SEC','road',29),
	(147,'15-2016','2016-01-26','South Carolina','Loss',74,84,'SEC','road',29),
	(148,'15-2016','2016-01-23','Ole Miss','Win',83,77,'SEC','home',26),
	(149,'15-2016','2016-01-19','Florida','Loss',78,81,'SEC','road',29),
	(150,'15-2016','2016-01-16','Tennessee','Loss',75,80,'SEC','home',22),
	(151,'15-2016','2016-01-12','Kentucky','Loss',74,80,'SEC','road',29),
	(152,'15-2016','2016-01-09','Arkansas','Loss',68,82,'SEC','road',26),
	(153,'15-2016','2016-01-06','Texas A&M','Loss',60,61,'SEC','home',30),
	(166,'15-2016','2015-12-31','NC Central','Win',71,48,'Non-Conference','home',30),
	(167,'15-2016','2015-12-23','N Colorado','Win',93,69,'Non-Conference','neutral',30),
	(168,'15-2016','2015-12-19','Tulane','Win',69,59,'Non-Conference','home',30),
	(169,'15-2016','2015-12-16','Florida State','Loss',66,90,'Non-Conference','road',29),
	(170,'15-2016','2015-12-12','Kansas City','Loss',67,72,'Non-Conference','road',29),
	(171,'15-2016','2015-11-20','Texas Tech','Loss',72,74,'Non-Conference','neutral',29),
	(172,'15-2016','2015-12-02','Texas Southern','Win',86,73,'Non-Conference','home',26),
	(173,'15-2016','2015-11-28','UT Martin','Win',76,51,'Non-Conference','home',30),
	(174,'15-2016','2015-11-22','Missouri State','Win',84,70,'Non-Conference','neutral',30),
	(175,'15-2016','2015-11-19','Miami FL','Loss',79,105,'Non-Conference','neutral',30),
	(176,'15-2016','2015-11-16','Southern','Loss',72,76,'Non-Conference','home',30),
	(177,'15-2016','2015-11-13','E Washington','Win',106,88,'Non-Conference','home',30),
	(178,'14-2015','2015-03-11','Auburn','Loss',68,74,'SECT First Round','secT',27),
	(179,'13-2014','2014-03-13','Ole Miss','Loss',66,78,'SECT Second Round','secT',34),
	(180,'13-2014','2014-03-12','Vanderbilt','Win',82,68,'SECT First Round','secT',34),
	(181,'12-2013','2013-03-14','Tennessee','Loss',53,79,'SECT Second Round','secT',34),
	(182,'12-2013','2013-03-13','South Carolina','Win',70,59,'SECT First Round','secT',34),
	(183,'12-2013','2013-03-09','Auburn','Win',74,71,'SEC','home',35),
	(184,'12-2013','2013-03-06','South Carolina','Loss',72,79,'SEC','road',33),
	(185,'12-2013','2013-03-02','Ole Miss','Win',73,67,'SEC','home',35),
	(186,'12-2013','2013-02-27','Kentucky','Loss',55,85,'SEC','road',34),
	(187,'12-2013','2013-02-23','Vanderbilt','Loss',31,72,'SEC','home',35),
	(188,'12-2013','2013-02-20','Alabama','Loss',56,64,'SEC','road',34),
	(189,'12-2013','2013-02-16','LSU','Loss',68,80,'SEC','road',34),
	(190,'12-2013','2013-02-13','Missouri','Loss',36,78,'SEC','home',35),
	(191,'12-2013','2013-02-09','Florida','Loss',58,83,'SEC','road',34),
	(192,'12-2013','2013-02-06','Ole Miss','Loss',75,93,'SEC','road',34),
	(193,'12-2013','2013-02-02','LSU','Loss',68,69,'SEC','home',35),
	(194,'12-2013','2013-01-30','Texas A&M','Loss',49,55,'SEC','home',32),
	(195,'12-2013','2013-01-26','Florida','Loss',47,82,'SEC','home',35),
	(196,'12-2013','2013-01-23','Arkansas','Loss',70,96,'SEC','road',34),
	(197,'12-2013','2013-01-19','Tennessee','Loss',57,72,'SEC','road',34),
	(198,'12-2013','2013-01-16','Alabama','Loss',43,75,'SEC','home',35),
	(199,'12-2013','2013-01-12','Georgia','Win',72,61,'SEC','road',34),
	(200,'12-2013','2013-01-09','South Carolina','Win',56,54,'SEC','home',35),
	(210,'13-2014','2014-03-08','South Carolina','Loss',62,74,'SEC','home',35),
	(211,'13-2014','2014-03-05','Georgia','Loss',45,66,'SEC','road',34),
	(212,'13-2014','2014-03-01','Missouri','Loss',66,85,'SEC','road',34),
	(213,'13-2014','2014-02-26','Tennessee','Loss',68,75,'SEC','home',31),
	(214,'13-2014','2014-02-22','Arkansas','Loss',69,73,'SEC','home',35),
	(215,'13-2014','2014-02-19','LSU','Loss',81,92,'SEC','road',34),
	(216,'13-2014','2014-02-15','Auburn','Loss',82,92,'SEC','road',34),
	(217,'13-2014','2014-02-12','Georgia','Loss',55,75,'SEC','home',35),
	(218,'13-2014','2014-02-08','Kentucky','Loss',59,69,'SEC','home',35),
	(219,'13-2014','2014-02-05','Texas A&M','Loss',52,72,'SEC','road',33),
	(220,'13-2014','2014-02-01','Vanderbilt','Loss',49,55,'SEC','road',34),
	(221,'13-2014','2014-01-30','Florida','Loss',51,62,'SEC','home',35),
	(222,'13-2014','2014-01-25','Ole Miss','Loss',63,82,'SEC','road',34),
	(223,'13-2014','2014-01-22','Auburn','Win',82,74,'SEC','home',35),
	(224,'13-2014','2014-01-18','Texas A&M','Win',81,72,'SEC','home',35),
	(225,'13-2014','2014-01-15','Alabama','Loss',61,80,'SEC','road',34),
	(226,'13-2014','2014-01-11','Ole Miss','Win',76,72,'SEC','home',31),
	(227,'13-2014','2014-01-08','Kentucky','Loss',63,85,'SEC','road',34),
	(237,'14-2015','2015-03-07','Missouri','Win',52,43,'SEC','home',30),
	(238,'14-2015','2015-03-04','Vanderbilt','Loss',56,66,'SEC','road',29),
	(239,'14-2015','2015-02-28','South Carolina','Loss',68,61,'SEC','road',29),
	(240,'14-2015','2015-02-25','Kentucky','Loss',56,74,'SEC','home',28),
	(241,'14-2015','2015-02-21','Arkansas','Loss',61,65,'SEC','home',30),
	(242,'14-2015','2015-02-19','Ole Miss','Loss',65,71,'SEC','home',27),
	(243,'14-2015','2015-02-14','Missouri','Win',77,74,'SEC','road',29),
	(244,'14-2015','2015-02-10','Alabama','Loss',51,55,'SEC','home',30),
	(245,'14-2015','2015-02-07','Arkansas','Loss',41,61,'SEC','road',29),
	(246,'14-2015','2015-02-03','Tennessee','Win',71,66,'SEC','road',29),
	(247,'14-2015','2015-01-31','LSU','Win',73,67,'SEC','home',30),
	(248,'14-2015','2015-01-28','Ole Miss','Loss',73,79,'SEC','road',29),
	(249,'14-2015','2015-01-24','Georgia','Loss',66,72,'SEC','home',27),
	(250,'14-2015','2015-01-21','Auburn','Win',78,71,'SEC','road',29),
	(251,'14-2015','2015-01-17','Vanderbilt','Win',57,54,'SEC','home',27),
	(252,'14-2015','2015-01-13','Texas A&M','Loss',70,74,'SEC','road',28),
	(253,'14-2015','2015-01-10','Florida','Loss',47,72,'SEC','road',29),
	(254,'14-2015','2015-01-07','Tennessee','Loss',47,61,'SEC','home',30),
	(255,'14-2015','2015-01-02','Florida State','Win',62,55,'Non-Conference','home',30),
	(256,'14-2015','2014-12-30','McNeese St.','Loss',47,66,'Non-Conference','home',30),
	(257,'14-2015','2014-12-23','Jacksonville','Win',70,47,'Non-Conference','home',30),
	(258,'14-2015','2014-12-20','SC Upstate','Loss',51,53,'Non-Conference','neutral',30),
	(259,'14-2015','2014-12-17','Arkansas State','Loss',55,69,'Non-Conference','home',30),
	(260,'14-2015','2014-12-13','Oregon State','Loss',49,59,'Non-Conference','road',29),
	(261,'14-2015','2014-12-06','Tulane','Loss',54,59,'Non-Conference','road',29),
	(262,'14-2015','2014-11-29','TCU','Loss',52,61,'Non-Conference','neutral',29),
	(263,'14-2015','2014-11-28','Saint Louis','Win',75,50,'Non-Conference','neutral',29),
	(264,'14-2015','2014-11-24','Clayton State','Win',59,46,'Non-Conference','home',30),
	(265,'14-2015','2014-11-22','Utah State','Win',71,63,'Non-Conference','home',30),
	(266,'14-2015','2014-11-17','MS Valley State','Win',89,68,'Non-Conference','home',30),
	(267,'14-2015','2014-11-14','Western Carolina','Win',66,56,'Non-Conference','home',30),
	(268,'13-2014','2014-01-02','UM East. Shore','Win',77,63,'Non-Conference','home',35),
	(269,'13-2014','2013-12-23','UNLV','Loss',66,82,'Non-Conference','neutral',34),
	(270,'13-2014','2013-12-22','South Florida','Win',71,66,'Non-Conference','neutral',34),
	(271,'13-2014','2013-12-19','FL Gulf Coast','Win',66,53,'Non-Conference','home',35),
	(272,'13-2014','2013-12-17','Florida A&M','Win',78,65,'Non-Conference','home',35),
	(273,'13-2014','2013-12-13','SE Louisiana','Win',68,62,'Non-Conference','neutral',35),
	(274,'13-2014','2013-12-05','TCU','Loss',61,71,'Non-Conference','home',35),
	(275,'13-2014','2013-12-01','Loyola Chicago','Win',65,64,'Non-Conference','home',35),
	(276,'13-2014','2013-11-27','Jackson State','Win',58,56,'Non-Conference','home',35),
	(277,'13-2014','2013-11-23','Utah State','Loss',68,87,'Non-Conference','road',33),
	(278,'13-2014','2013-11-19','MS Valley State','Win',94,72,'Non-Conference','home',35),
	(279,'13-2014','2013-11-14','Kennesaw St.','Win',78,55,'Non-Conference','home',35),
	(280,'13-2014','2013-11-08','Prairie View','Win',71,56,'Non-Conference','home',35),
	(281,'12-2013','2013-01-03','New Orleans','Win',97,46,'Non-Conference','home',35),
	(282,'12-2013','2012-12-30','Alabama A&M','Loss',57,59,'Non-Conference','home',35),
	(283,'12-2013','2012-12-22','Central Arkansas','Win',79,72,'Non-Conference','neutral',35),
	(284,'12-2013','2012-12-15','Loyola Chicago','Loss',51,59,'Non-Conference','road',34),
	(285,'12-2013','2012-12-04','UTSA','Win',53,42,'Non-Conference','home',35),
	(286,'12-2013','2012-12-01','Providence','Loss',63,73,'Non-Conference','road',34),
	(287,'12-2013','2012-11-27','Alcorn State','Win',60,42,'Non-Conference','home',35),
	(288,'12-2013','2012-11-21','Texas','Loss',55,69,'Non-Conference','neutral',33),
	(289,'12-2013','2012-11-20','Marquette','Loss',62,89,'Non-Conference','neutral',35),
	(290,'12-2013','2012-11-19','North Carolina','Loss',49,95,'Non-Conference','neutral',33),
	(291,'12-2013','2012-11-13','Florida Atlantic','Win',78,58,'Non-Conference','home',35),
	(292,'12-2013','2012-11-09','Troy','Loss',53,56,'Non-Conference','road',34),
	(293,'08-2009','2009-03-19','Washington','Loss',58,71,'NCAA Round of 64','ncaa',46),
	(294,'07-2008','2008-03-23','Memphis','Loss',74,77,'NCAA Round of 32','ncaa',49),
	(295,'07-2008','2008-03-21','Oregon','Win',76,69,'NCAA Round of 64','ncaa',51),
	(296,'04-2005','2005-03-20','Duke','Loss',55,63,'NCAA Round of 32','ncaa',62),
	(297,'04-2005','2005-03-18','Stanford','Win',93,70,'NCAA Round of 64','ncaa',62),
	(298,'03-2004','2004-03-21','Xavier','Loss',74,89,'NCAA Round of 32','ncaa',61),
	(299,'03-2004','2004-03-19','Monmouth','Win',85,52,'NCAA Round of 64','ncaa',61),
	(300,'02-2003','2003-03-21','Butler','Loss',46,47,'NCAA Round of 64','ncaa',59),
	(301,'01-2002','2002-03-17','Texas','Loss',64,68,'NCAA Round of 32','ncaa',69),
	(302,'01-2002','2002-03-15','McNeese St.','Win',70,58,'NCAA Round of 64','ncaa',69),
	(303,'95-1996','1996-03-30','Syracuse','Loss',69,77,'NCAA Final Four','ncaaFinalFour96',79),
	(304,'95-1996','1996-03-24','Cincinnati','Win',73,63,'NCAA Elite Eight','ncaaSsEe',79),
	(305,'95-1996','1996-03-16','Princeton','Win',63,41,'NCAA Round of 32','ncaa',80),
	(306,'95-1996','1996-03-14','VCU','Win',58,51,'NCAA Round of 64','ncaa',80),
	(307,'95-1996','1996-03-22','Connecticut','Win',60,55,'NCAA Sweet Sixteen','ncaaSsEe',79),
	(308,'94-1995','1995-03-23','UCLA','Loss',67,86,'NCAA Sweet Sixteen','ncaaSsEe',77),
	(309,'94-1995','1995-03-19','Utah','Win',78,64,'NCAA Round of 32','ncaa',77),
	(310,'94-1995','1995-03-17','Santa Clara','Win',75,67,'NCAA Round of 64','ncaa',78),
	(311,'90-1991','1991-03-15','Eastern Michigan','Loss',56,76,'NCAA Round of 64','ncaa',85),
	(312,'62-1963','1963-03-16','Bowling Green','Win',65,60,'Regional 3rd Place','ncaa',81),
	(313,'62-1963','1963-03-15','Loyola Chicago','Loss',51,61,'NCAA Sweet  Sixteen','ncaaSsEe',81),
	(314,'11-2012','2012-03-13','UMass','Loss',96,101,'NIT First Round','nit',39),
	(315,'09-2010','2010-03-20','North Carolina','Loss',74,76,'NIT Second Round','nit',45),
	(316,'09-2010','2010-03-16','Jackson State','Win',81,67,'NIT First Round','nit',45),
	(317,'06-2007','2007-03-27','West Virginia','Loss',62,63,'NIT Semifinals','nitSemis',57),
	(318,'06-2007','2007-03-20','Florida State','Win',86,71,'NIT Quarterfinals','nit',57),
	(319,'06-2007','2007-03-17','Bradley','Win',101,72,'NIT Second Round','nit',57),
	(320,'06-2007','2007-03-13','MS Valley State','Win',82,63,'NIT First Round','nit',57),
	(321,'00-2001','2001-03-21','Tulsa','Loss',75,77,'NIT Quarterfinals','nit',67),
	(322,'00-2001','2001-03-19','Pittsburgh','Win',66,61,'NIT Second Round','nit',66),
	(323,'00-2001','2001-03-14','Southern Miss','Win',75,68,'NIT First Round','nit',67),
	(324,'98-1999','1999-03-10','Colorado State','Loss',56,69,'NIT First Round','nit',74),
	(325,'93-1994','1994-03-17','Kansas State','Loss',67,78,'NIT First Round','nit',76),
	(326,'89-1990','1990-03-19','New Orleans','Loss',60,65,'NIT Second Round','nit',83),
	(327,'89-1990','1990-03-15','Baylor','Win',84,75,'NIT First Round','nit',84),
	(328,'78-1979','1979-03-08','Alcorn State','Loss',78,80,'NIT First Round','nit',82),
	(329,'11-2012','2012-03-08','Georgia','Loss',61,71,'SECT First Round','secT',37),
	(330,'10-2011','2011-03-11','Vanderbilt','Loss',81,87,'SECT Quarterfinals','secT',42),
	(331,'09-2010','2010-03-14','Kentucky','Loss',74,75,'SECT Championship','secT',44),
	(332,'09-2010','2010-03-13','Vanderbilt','Win',62,52,'SECT Semifinals','secT',45),
	(333,'09-2010','2010-03-12','Florida','Win',75,69,'SECT Quarterfinals','secT',45),
	(334,'08-2009','2009-03-15','Tennessee','Win',64,61,'SECT Championship','secT',47),
	(335,'08-2009','2009-03-14','LSU','Win',67,57,'SECT Semifinals','secT',47),
	(336,'08-2009','2009-03-13','South Carolina','Win',82,68,'SECT Quarterfinals','secT',47),
	(337,'08-2009','2009-03-12','Georgia','Win',79,60,'SECT First Round','secT',48),
	(338,'07-2008','2008-03-15','Georgia','Loss',60,64,'SECT Semifinals','secT',52),
	(339,'07-2008','2008-03-14','Alabama','Win',69,67,'SECT Quarterfinals','secT',52),
	(340,'06-2007','2007-03-10','Arkansas','Loss',72,81,'SECT Semifinals','secT',57),
	(341,'06-2007','2007-03-09','Kentucky','Win',84,82,'SECT Quarterfinals','secT',57),
	(342,'05-2006','2006-03-09','South Carolina','Loss',44,59,'SECT First Round','secT',53),
	(343,'04-2005','2005-03-11','Florida','Loss',64,80,'SECT Quarterfinals','secT',62),
	(344,'04-2005','2005-03-10','Georgia','Win',74,65,'SECT First Round','secT',63),
	(345,'03-2004','2004-03-12','Vanderbilt','Loss',70,74,'SECT Quarterfinals','secT',61),
	(346,'02-2003','2003-03-16','Kentucky','Loss',57,64,'SECT Championship','secT',58),
	(347,'02-2003','2003-03-15','LSU','Win',76,61,'SECT Semifinals','secT',59),
	(348,'02-2003','2003-03-14','Ole Miss','Win',73,64,'SECT Quarterfinals','secT',59),
	(349,'01-2002','2002-03-10','Alabama','Win',61,58,'SECT Championship','secT',68),
	(350,'01-2002','2002-03-09','LSU','Win',57,51,'SECT Semifinals','secT',69),
	(351,'01-2002','2002-03-08','Florida','Win',62,52,'SECT Quarterfinals','secT',69),
	(352,'00-2001','2001-03-08','South Carolina','Loss',62,69,'SECT First Round','secT',67),
	(353,'99-2000','2000-03-09','Vanderbilt','Loss',53,76,'SECT First Round','secT',64),
	(354,'98-1999','1999-03-06','Arkansas','Loss',79,84,'SECT Semifinals','secT',74),
	(355,'98-1999','1999-03-05','Tennessee','Win',62,58,'SECT Quarterfinals','secT',74),
	(356,'98-1999','1999-03-04','Vanderbilt','Win',76,58,'SECT First Round','secT',75),
	(357,'97-1998','1998-03-05','Georgia','Loss',76,79,'SECT First Round','secT',73),
	(358,'96-1997','1997-03-06','Vanderbilt','Loss',67,73,'SECT First Round','secT',70),
	(359,'95-1996','1996-03-10','Kentucky','Win',84,73,'SECT Championship','secT',79),
	(360,'95-1996','1996-03-09','Georgia','Win',86,68,'SECT Semifinals','secT',80),
	(361,'95-1996','1996-03-08','Auburn','Win',69,58,'SECT Quarterfinals','secT',80),
	(362,'11-2012','2012-03-03','Arkansas','Win',79,59,'SEC','home',37),
	(363,'11-2012','2012-02-29','South Carolina','Win',69,67,'SEC','road',38),
	(364,'11-2012','2012-02-25','Alabama','Loss',50,67,'SEC','road',36),
	(365,'11-2012','2012-02-21','Kentucky','Loss',64,73,'SEC','home',37),
	(366,'11-2012','2012-02-18','Auburn','Loss',55,65,'SEC','road',38),
	(367,'11-2012','2012-02-14','LSU','Loss',67,69,'SEC','road',38),
	(368,'11-2012','2012-02-11','Georgia','Loss',68,70,'SEC','home',39),
	(369,'11-2012','2012-02-09','Ole Miss','Win',70,60,'SEC','home',36),
	(370,'11-2012','2012-02-04','Auburn','Win',91,88,'SEC','home',39),
	(371,'11-2012','2012-01-28','Florida','Loss',57,69,'SEC','road',38),
	(372,'11-2012','2012-01-25','LSU','Win',76,71,'SEC','home',39),
	(373,'11-2012','2012-01-21','Vanderbilt','Win',78,77,'SEC','road',38),
	(374,'11-2012','2012-01-18','Ole Miss','Loss',68,75,'SEC','road',38),
	(375,'11-2012','2012-01-14','Alabama','Win',56,52,'SEC','home',39),
	(376,'11-2012','2012-01-12','Tennessee','Win',62,58,'SEC','home',39),
	(377,'11-2012','2012-01-07','Arkansas','Loss',88,98,'SEC','road',38),
	(393,'11-2012','2011-12-31','Utah State','Win',66,64,'Non-Conference','home',39),
	(394,'11-2012','2011-12-28','Baylor','Loss',52,54,'Non-Conference','neutral',36),
	(395,'11-2012','2011-12-22','Northwestern State','Win',82,67,'Non-Conference','neutral',39),
	(396,'11-2012','2011-12-17','Detroit Mercy','Win',80,75,'Non-Conference','road',38),
	(397,'11-2012','2011-12-13','Florida Atlantic','Win',75,68,'Non-Conference','home',39),
	(398,'11-2012','2011-12-10','Troy','Win',106,88,'Non-Conference','home',39),
	(399,'11-2012','2011-12-03','West Virginia','Win',75,62,'Non-Conference','home',39),
	(400,'11-2012','2011-11-27','North Texas','Win',82,59,'Non-Conference','home',39),
	(401,'11-2012','2011-11-25','UT Martin','Win',76,50,'Non-Conference','home',39),
	(402,'11-2012','2011-11-21','UL Monroe','Win',78,63,'Non-Conference','home',39),
	(403,'11-2012','2011-11-18','Arizona','Win',67,57,'Non-Conference','neutral',39),
	(404,'11-2012','2011-11-17','Texas A&M','Win',69,60,'Non-Conference','neutral',38),
	(405,'11-2012','2011-11-12','South Alabama','Win',80,65,'Non-Conference','home',39),
	(406,'11-2012','2011-11-09','Akron','Loss',58,68,'Non-Conference','home',39),
	(407,'11-2012','2011-11-07','Eastern Kentucky','Win',76,66,'Non-Conference','home',39),
	(408,'10-2011','2011-03-05','South Carolina','Win',60,58,'SEC','home',42),
	(409,'10-2011','2011-03-02','Arkansas','Win',88,78,'SEC','road',40),
	(410,'10-2011','2011-02-26','Tennessee','Win',70,69,'SEC','road',41),
	(411,'10-2011','2011-02-23','LSU','Loss',82,84,'SEC','home',42),
	(412,'10-2011','2011-02-19','Ole Miss','Win',71,58,'SEC','home',42),
	(413,'10-2011','2011-02-15','Kentucky','Loss',79,85,'SEC','road',41),
	(414,'10-2011','2011-02-12','Auburn','Loss',62,65,'SEC','road',41),
	(415,'10-2011','2011-02-09','Arkansas','Win',67,56,'SEC','home',42),
	(416,'10-2011','2011-02-05','LSU','Win',58,57,'SEC','road',41),
	(417,'10-2011','2011-02-02','Alabama','Loss',61,75,'SEC','road',41),
	(418,'10-2011','2011-01-29','Florida','Win',71,64,'SEC','home',42),
	(419,'10-2011','2011-01-27','Vanderbilt','Loss',74,81,'SEC','home',42),
	(420,'10-2011','2011-01-22','Georgia','Loss',64,86,'SEC','road',41),
	(421,'10-2011','2011-01-16','Auburn','Win',85,66,'SEC','home',42),
	(422,'10-2011','2011-01-13','Ole Miss','Win',69,64,'SEC','road',41),
	(423,'10-2011','2011-01-08','Alabama','Loss',57,75,'SEC','home',42),
	(424,'10-2011','2010-12-29','Saint Mary\'s','Loss',72,94,'Non-Conference','neutral',41),
	(425,'10-2011','2010-12-25','Hawaii','Loss',57,68,'Non-Conference','road',41),
	(426,'10-2011','2010-12-23','San Diego','Win',69,52,'Non-Conference','neutral',41),
	(427,'10-2011','2010-12-22','Washington St.','Loss',57,83,'Non-Conference','neutral',41),
	(428,'10-2011','2010-12-18','Virginia Tech','Loss',57,88,'Non-Conference','neutral',42),
	(429,'10-2011','2010-12-14','Alabama State','Win',67,46,'Non-Conference','home',42),
	(430,'10-2011','2010-12-13','Nicholls State','Win',67,58,'Non-Conference','home',42),
	(431,'10-2011','2010-12-12','NC A&T','Win',74,58,'Non-Conference','home',42),
	(432,'10-2011','2010-12-11','East Tennessee St.','Loss',62,63,'Non-Conference','home',42),
	(433,'10-2011','2010-11-30','Florida Atlantic','Loss',59,61,'Non-Conference','home',42),
	(434,'10-2011','2010-11-26','Troy','Win',92,83,'Non-Conference','home',42),
	(435,'10-2011','2010-11-22','Detroit Mercy','Win',82,76,'Non-Conference','home',42),
	(436,'10-2011','2010-11-19','Appalachian St.','Win',76,74,'Non-Conference','home',42),
	(437,'10-2011','2010-11-12','Tennessee State','Win',75,65,'Non-Conference','home',42),
	(453,'09-2010','2010-01-04','Western Kentucky','Loss',52,55,'Non-Conference','road',44),
	(454,'09-2010','2009-12-31','San Diego','Win',77,68,'Non-Conference','road',44),
	(455,'09-2010','2009-12-28','MS Valley State','Win',73,45,'Non-Conference','home',45),
	(456,'09-2010','2009-12-22','Centenary','Win',88,51,'Non-Conference','neutral',45),
	(457,'09-2010','2009-12-19','Houston','Win',70,64,'Non-Conference','road',44),
	(458,'09-2010','2009-12-16','Wright State','Win',80,69,'Non-Conference','home',45),
	(459,'09-2010','2009-12-12','UCLA','Win',72,54,'Non-Conference','neutral',44),
	(460,'09-2010','2009-12-10','DePaul','Win',76,45,'Non-Conference','neutral',45),
	(461,'09-2010','2009-12-05','St. Bonaventure','Win',105,53,'Non-Conference','home',45),
	(462,'09-2010','2009-11-28','Old Dominion','Win',69,55,'Non-Conference','neutral',45),
	(463,'09-2010','2009-11-27','Richmond','Loss',62,63,'Non-Conference','neutral',45),
	(464,'09-2010','2009-11-24','Texas Pan-Am','Win',75,50,'Non-Conference','home',45),
	(465,'09-2010','2009-11-21','Beth-Cookman','Win',67,51,'Non-Conference','home',45),
	(466,'09-2010','2009-11-19','SE Louisiana','Win',82,67,'Non-Conference','home',45),
	(467,'09-2010','2009-11-13','Rider','Loss',74,88,'Non-Conference','home',45),
	(468,'09-2010','2010-03-06','Tennessee','Loss',59,75,'SEC','home',45),
	(469,'09-2010','2010-03-03','Auburn','Loss',80,89,'SEC','road',44),
	(470,'09-2010','2010-02-27','South Carolina','Win',76,63,'SEC','road',44),
	(471,'09-2010','2010-02-24','Alabama','Win',74,66,'SEC','home',45),
	(472,'09-2010','2010-02-20','LSU','Win',60,59,'SEC','road',44),
	(473,'09-2010','2010-02-16','Kentucky','Loss',75,81,'SEC','home',43),
	(474,'09-2010','2010-02-13','Auburn','Win',85,75,'SEC','home',45),
	(475,'09-2010','2010-02-11','Ole Miss','Win',71,63,'SEC','home',45),
	(476,'09-2010','2010-02-06','Florida','Loss',62,69,'SEC','road',44),
	(477,'09-2010','2010-02-03','Vanderbilt','Loss',72,75,'SEC','road',44),
	(478,'09-2010','2010-01-30','LSU','Win',67,51,'SEC','home',45),
	(479,'09-2010','2010-01-28','Arkansas','Loss',62,67,'SEC','road',44),
	(480,'09-2010','2010-01-23','Alabama','Loss',57,62,'SEC','road',44),
	(481,'09-2010','2010-01-16','Georgia','Win',72,69,'SEC','home',45),
	(482,'09-2010','2010-01-14','Arkansas','Win',82,80,'SEC','home',45),
	(483,'09-2010','2010-01-09','Ole Miss','Win',80,75,'SEC','road',44),
	(484,'08-2009','2009-03-07','Ole Miss','Win',82,80,'SEC','road',47),
	(485,'08-2009','2009-03-04','Florida','Win',80,71,'SEC','home',48),
	(486,'08-2009','2009-02-28','Auburn','Loss',58,76,'SEC','home',48),
	(487,'08-2009','2009-02-25','Tennessee','Loss',76,81,'SEC','road',47),
	(488,'08-2009','2009-02-21','Alabama','Loss',85,87,'SEC','road',47),
	(489,'08-2009','2009-02-18','South Carolina','Win',75,70,'SEC','home',48),
	(490,'08-2009','2009-02-14','Auburn','Loss',76,91,'SEC','road',47),
	(491,'08-2009','2009-02-11','LSU','Loss',94,97,'SEC','home',48),
	(492,'08-2009','2009-02-07','Arkansas','Win',86,77,'SEC','home',48),
	(493,'08-2009','2009-02-03','Kentucky','Win',66,57,'SEC','road',47),
	(494,'08-2009','2009-01-31','Ole Miss','Loss',63,67,'SEC','home',48),
	(495,'08-2009','2009-01-24','Georgia','Win',67,61,'SEC','road',47),
	(496,'08-2009','2009-01-21','LSU','Loss',57,81,'SEC','road',47),
	(497,'08-2009','2009-01-17','Vanderbilt','Win',73,66,'SEC','home',48),
	(498,'08-2009','2009-01-14','Alabama','Win',83,74,'SEC','home',48),
	(499,'08-2009','2009-01-10','Arkansas','Win',70,56,'SEC','road',47),
	(500,'07-2008','2008-03-08','LSU','Win',84,75,'SEC','home',52),
	(501,'07-2008','2008-03-05','Vanderbilt','Loss',85,86,'SEC','road',50),
	(502,'07-2008','2008-03-01','Florida','Win',68,59,'SEC','road',50),
	(503,'07-2008','2008-02-27','Auburn','Win',89,78,'SEC','home',52),
	(504,'07-2008','2008-02-23','South Carolina','Win',61,56,'SEC','road',50),
	(505,'07-2008','2008-02-20','Ole Miss','Loss',63,74,'SEC','road',50),
	(506,'07-2008','2008-02-16','Arkansas','Win',80,74,'SEC','home',52),
	(507,'07-2008','2008-02-09','Auburn','Win',83,64,'SEC','road',50),
	(508,'07-2008','2008-02-06','Alabama','Win',73,66,'SEC','home',52),
	(509,'07-2008','2008-02-02','Tennessee','Loss',71,76,'SEC','home',52),
	(510,'07-2008','2008-01-30','Arkansas','Loss',58,78,'SEC','road',50),
	(511,'07-2008','2008-01-26','Ole Miss','Win',88,68,'SEC','home',52),
	(512,'07-2008','2008-01-19','Alabama','Win',66,56,'SEC','road',50),
	(513,'07-2008','2008-01-15','Kentucky','Win',69,64,'SEC','home',52),
	(514,'07-2008','2008-01-12','Georgia','Win',60,49,'SEC','home',52),
	(515,'07-2008','2008-01-09','LSU','Win',61,39,'SEC','road',50),
	(516,'06-2007','2007-03-04','Alabama','Win',91,67,'SEC','home',57),
	(517,'06-2007','2007-02-28','Arkansas','Loss',58,67,'SEC','road',56),
	(518,'06-2007','2007-02-24','Georgia','Loss',73,86,'SEC','road',56),
	(519,'06-2007','2007-02-21','Vanderbilt','Win',83,70,'SEC','home',57),
	(520,'06-2007','2007-02-17','LSU','Win',56,50,'SEC','road',56),
	(521,'06-2007','2007-02-14','Arkansas','Win',84,60,'SEC','home',57),
	(522,'06-2007','2007-02-10','Auburn','Win',91,83,'SEC','road',56),
	(523,'06-2007','2007-02-07','Alabama','Loss',79,80,'SEC','road',56),
	(524,'06-2007','2007-02-03','LSU','Win',85,78,'SEC','home',57),
	(525,'06-2007','2007-01-30','Ole Miss','Loss',73,85,'SEC','road',56),
	(526,'06-2007','2007-01-27','South Carolina','Loss',63,66,'SEC','home',57),
	(527,'06-2007','2007-01-24','Florida','Loss',67,70,'SEC','home',57),
	(528,'06-2007','2007-01-20','Auburn','Win',87,76,'SEC','home',57),
	(529,'06-2007','2007-01-13','Kentucky','Loss',60,64,'SEC','road',56),
	(530,'06-2007','2007-01-10','Ole Miss','Win',77,67,'SEC','home',57),
	(531,'06-2007','2007-01-07','Tennessee','Loss',84,92,'SEC','road',56),
	(532,'05-2006','2006-03-04','Alabama','Win',71,58,'SEC','home',55),
	(533,'05-2006','2006-03-01','Arkansas','Loss',70,80,'SEC','road',54),
	(534,'05-2006','2006-02-25','Georgia','Win',83,68,'SEC','home',53),
	(535,'05-2006','2006-02-22','Auburn','Loss',71,75,'SEC','road',86),
	(536,'05-2006','2006-02-18','Ole Miss','Win',84,55,'SEC','home',53),
	(537,'05-2006','2006-02-15','LSU','Loss',59,72,'SEC','road',54),
	(538,'05-2006','2006-02-11','South Carolina','Loss',61,83,'SEC','road',54),
	(539,'05-2006','2006-02-04','Auburn','Win',71,53,'SEC','home',55),
	(540,'05-2006','2006-02-01','Kentucky','Loss',66,81,'SEC','home',55),
	(541,'05-2006','2006-01-28','Alabama','Loss',59,65,'SEC','road',54),
	(542,'05-2006','2006-01-25','Tennessee','Loss',65,88,'SEC','home',55),
	(543,'05-2006','2006-01-21','Vanderbilt','Loss',52,80,'SEC','road',54),
	(544,'05-2006','2006-01-18','LSU','Loss',57,71,'SEC','home',55),
	(545,'05-2006','2006-01-14','Ole Miss','Loss',65,75,'SEC','road',54),
	(546,'05-2006','2006-01-11','Florida','Loss',60,75,'SEC','road',54),
	(547,'05-2006','2006-01-07','Arkansas','Win',69,67,'SEC','home',55),
	(548,'20-2021','2020-11-25','Clemson','Loss',42,53,'Non-Conference','neutral',87),
	(549,'20-2021','2020-11-26','Liberty','Loss',73,84,'Non-Conference','neutral',87),
	(550,'20-2021','2020-11-30','Texas State','Win',68,51,'Non-Conference','home',88),
	(551,'20-2021','2020-12-04','North Texas','Win',69,63,'Non-Conference','home',89),
	(552,'20-2021','2020-12-08','Jackson State','Win',82,59,'Non-Conference','home',87),
	(553,'20-2021','2020-12-12','Dayton','Loss',82,85,'Non-Conference','neutral',89),
	(554,'20-2021','2020-12-16','Central Arkansas','Win',81,65,'Non-Conference','home',87),
	(555,'20-2021','2020-12-21','MS Valley State','Win',87,48,'Non-Conference','home',87),
	(556,'20-2021','2020-12-30','Georgia','Win',83,73,'SEC','road',89),
	(557,'20-2021','2021-01-02','Kentucky','Loss',73,78,'SEC','home',89),
	(558,'20-2021','2021-01-05','Missouri','Win',78,63,'SEC','home',87),
	(559,'20-2021','2021-01-09','Vanderbilt','Win',84,81,'SEC','road',88),
	(560,'20-2021','2021-01-13','Texas A&M','Loss',55,56,'SEC','home',87),
	(561,'20-2021','2021-01-16','Florida','Win',72,69,'SEC','home',87),
	(562,'20-2021','2021-01-19','Ole Miss','Loss',46,64,'SEC','home',88),
	(563,'20-2021','2021-01-23','Alabama','Loss',73,81,'SEC','road',89),
	(564,'20-2021','2021-01-26','Tennessee','Loss',53,56,'SEC','road',89),
	(565,'20-2021','2021-01-30','Iowa State','Win',95,56,'Non-Conference','home',87),
	(566,'20-2021','2021-02-02','Arkansas','Loss',45,61,'SEC','road',88),
	(567,'20-2021','2021-02-06','South Carolina','Win',75,59,'SEC','road',89),
	(568,'20-2021','2021-02-10','LSU','Loss',80,94,'SEC','home',87),
	(569,'20-2021','2021-02-13','Vanderbilt','Loss',51,72,'SEC','home',87),
	(570,'20-2021','2021-02-20','Ole Miss','Win',66,56,'SEC','road',89),
	(571,'20-2021','2021-02-24','South Carolina','Win',69,48,'SEC','home',87),
	(572,'20-2021','2021-02-27','Alabama','Loss',59,64,'SEC','home',87),
	(573,'20-2021','2021-03-03','Texas A&M','Win',63,57,'SEC','road',89),
	(574,'20-2021','2021-03-06','Auburn','Loss',71,78,'SEC','road',89),
	(575,'20-2021','2021-03-11','Kentucky','Win',74,73,'SECT Second Round','secT',88),
	(576,'20-2021','2021-03-12','Alabama','Loss',48,85,'SECT Quarterfinals','secT',88),
	(577,'20-2021','2021-03-20','Saint Louis','Win',74,68,'NIT First Round','nit',88),
	(578,'20-2021','2021-03-25','Richmond','Win',68,67,'NIT Quarterfinals','nit',88),
	(579,'20-2021','2021-03-27','Louisiana Tech','Win',84,62,'NIT Semifinals','nitSemis',88),
	(580,'20-2021','2021-03-28','Memphis','Loss',64,77,'NIT Championship','nitChampionship',88);

/*!40000 ALTER TABLE `game` ENABLE KEYS */;
UNLOCK TABLES;


# Dump of table opponent
# ------------------------------------------------------------

DROP TABLE IF EXISTS `opponent`;

CREATE TABLE `opponent` (
  `opponentName` varchar(30) NOT NULL,
  `conference` varchar(30) DEFAULT NULL,
  `colorA` varchar(30) DEFAULT NULL,
  `colorB` varchar(30) DEFAULT NULL,
  PRIMARY KEY (`opponentName`)
) ENGINE=InnoDB DEFAULT CHARSET=utf8mb4;

LOCK TABLES `opponent` WRITE;
/*!40000 ALTER TABLE `opponent` DISABLE KEYS */;

INSERT INTO `opponent` (`opponentName`, `conference`, `colorA`, `colorB`)
VALUES
	('Abilene Christian','Southland','#42216e','white'),
	('Air Force','Mountian West','#094b9a','#aca9a7'),
	('Akron','MAC','#aa9a68','#00183f'),
	('Alabama','SEC','#91002a','white'),
	('Alabama A&M','SWAC','#6f000c','white'),
	('Alabama State','SWAC','black','#f49d00'),
	('Alcorn State','SWAC','#b79e6a','#491e6a'),
	('Appalachian St.','Sun Belt','black','#ffd600'),
	('Arizona','Pac 12','#0c234b','#ab0520'),
	('Arizona State','Pac 12','#4f0e26','#ffc523'),
	('Arkansas','SEC','#992231','white'),
	('Arkansas State','Sun Belt','black','#d02030'),
	('Auburn','SEC','#092647','#e85e33'),
	('Austin Peay','Ohio Valley','#bb032b','white'),
	('Baylor','Big 12','#003926','#ffab09'),
	('Belmont','Ohio Valley','#052157','#b92b35'),
	('Beth-Cookman','Mid-Eastern','#870035','#febb0c'),
	('Boise State','Mountian West','#003d8f','#f3552e'),
	('Boston College','ACC','#b69452','#84061c'),
	('Bowling Green','MAC','#4f2c1d','#fe5000'),
	('Bradley','Missouri Valley','#ba232e','b5b4b4'),
	('Butler','Big East','#002346','white'),
	('BYU','West Coast','#002255','white'),
	('Cal St. Fullerton','Big West','#072348','#f08031'),
	('Centenary','D-III','#950034','white'),
	('Central Arkansas','Southland','#552784','white'),
	('Central Michigan','MAC','#f7c145','#611031'),
	('Charleston Southern','Big South','#012650','#a8996e'),
	('Chattanooga','Southern','#072e54','#ffb500'),
	('Cincinnati','American','black','#e51937'),
	('Clayton State','D-II','#004a92','#ff5c00'),
	('Clemson','ACC','#e12c08','white'),
	('Coastal Carolina','Sun Belt','#008185','white'),
	('Colorado State','Mountian West','#0e2e1d','#a58749'),
	('Columbia','Ivy League','#9accea','#113663'),
	('Connecticut','Big East','#02254B','white'),
	('Coppin State','Mid-Eastern','#0a3154','#ffc60d'),
	('Dayton','Atlantic 10','#ef0027','white'),
	('Delaware','Colonial','#2769a5','white'),
	('DePaul','Big East','#0068b1','#e11936'),
	('Detroit Mercy','Horizon','#a5093e','#002d71'),
	('Duke','ACC','#0736a4','white'),
	('Duquesne','Atlantic 10','#06193b','#c42c47'),
	('E Washington','Big Sky','#d40028','black'),
	('East Carolina','American','#4a2d7e','#f7c44b'),
	('East Tennessee St.','Southern','#04193d','#fcb620'),
	('Eastern Illinois','Ohio Valley','#0a3693','white'),
	('Eastern Kentucky','Ohio Valley','#6e0225','white'),
	('Eastern Michigan','MAC','#006d3d','white'),
	('Elon','Colonial','#691a15','#b59d66'),
	('FIU','Conference USA','#02244a','#cea73b'),
	('FL Gulf Coast','Atlantic Sun','#004587','#01794b'),
	('Florida','SEC','#273991','#ea2600'),
	('Florida A&M','Mid-Eastern','#f77b00','#00823e'),
	('Florida Atlantic','Conference USA','#1e3160','#c12037'),
	('Florida State','ACC','#d2b885','#79233a'),
	('Furman','Southern','#561c87','white'),
	('Gardner-Webb','Big South','#bb112e','white'),
	('Georgetown','Big East','#cbc1b0','#011d3f'),
	('Georgia','SEC','#bf0514','white'),
	('Georgia Southern','Sun Belt','#10213f','#a69366'),
	('Georgia State','Sun Belt','#17459b','white'),
	('Georgia Tech','ACC','#b5a269','#012441'),
	('Grambling','SWAC','black','#eead00'),
	('Grand Canyon','WAC','#511e9a','white'),
	('Green Bay','Horizon','#0c5741','white'),
	('Hampton','Big South','#00539d','white'),
	('Hartford','America East','#d0001b','white'),
	('Hawaii','Mountian West','#00462d','white'),
	('Holy Cross','Patriot League','#55317d','white'),
	('Houston','American','#ca1528','white'),
	('Illinois','Big Ten','#e0311b','#0b1a39'),
	('Illinois-Chicago','Horizon','#011d40','#b90027'),
	('Indiana','Big Ten','#a5243b','white'),
	('Indiana State','Missouri Valley','#144aaf','white'),
	('Iowa','Big Ten','black','#ffcc00'),
	('Iowa State','Big 12','#961530','#ffc500'),
	('Jackson State','SWAC','#002147','white'),
	('Jacksonville','Atlantic Sun','#014c41','white'),
	('Jacksonville State','Ohio Valley','#ce2323','white'),
	('James Madison','Colonial','#4d0089','#b7a361'),
	('Kansas','Big 12','#0554ba','#d8091b'),
	('Kansas City','WAC','#004f81','#ffcc00'),
	('Kansas State','Big 12','#b2b1b1','#5e3788'),
	('Kennesaw St.','Atlantic Sun','#ffc000','black'),
	('Kent State','MAC','#052344','#e9ab21'),
	('Kentucky','SEC','#00419c','white'),
	('Lamar','Southland','#e01e36','white'),
	('Lehigh','Patriot League','#c2aa75','#663400'),
	('Liberty','Atlantic Sun','#002244','#d2001c'),
	('Lipscomb','Atlantic Sun','#352b5a','#f4b944'),
	('Little Rock','Sun Belt','#601428','white'),
	('Long Beach St.','Big West','black','#eaab1f'),
	('Louisiana','Sun Belt','#a60d1d','white'),
	('Louisiana Tech','Conference USA','#cb333b','#003087'),
	('Louisville','ACC','#ca0e33','white'),
	('Loyola Chicago','Missouri Valley','#571d1f','#fdb814'),
	('LSU','SEC','#f4ac3d','#2c1359'),
	('Maine','America East','#032a53','#3098d4'),
	('Manhattan','MAAC','#00703c','white'),
	('Marist','MAAC','#d4353d','white'),
	('Marquette','Big East','#003476','#ffc800'),
	('Marshall','Conference USA','#419756','white'),
	('McNeese St.','Southland','#07569e','#fcd209'),
	('Memphis','American','#144bbf','white'),
	('Mercer','Southern','#ff5d00','black'),
	('Miami FL','ACC','#005030','#f05a00'),
	('Miami OH','MAC','#b6191d','white'),
	('Michigan','Big Ten','#0c2345','#f2c101'),
	('Michigan State','Big Ten','#1b5346','white'),
	('Middle Tennessee','Conference USA','#a8a8a8','#1666d3'),
	('Missouri','SEC','black','#ec8504'),
	('Missouri State','Missouri Valley','#48121b','white'),
	('Monmouth','MAAC','#19325e','white'),
	('Morehead State','Ohio Valley','#005cb1','#ffd500'),
	('Mount St. Mary\'s','Northeast','#0f294a','#827553'),
	('MS Valley State','SWAC','#0c3e28','#cb2a37'),
	('Murray State','Ohio Valley','#043163','#fcb724'),
	('N Colorado','Big Sky','#072b55','#ffb300'),
	('Navy','American','#021743','#a28b39'),
	('NC A&T','Mid-Eastern','#014586','#fdba21'),
	('NC Central','Mid-Eastern','#a5002a','#9fa1a4'),
	('NC State','ACC','#b51231','white'),
	('Nebraska','Big Ten','#e41c38','white'),
	('New Mexico','Mountain West','#aaa9a9','#be1e2e'),
	('New Mexico St.','WAC','#710820','white'),
	('New Orleans','Southland','#192857','#2772b3'),
	('Nicholls State','Southland','#b0b7bb','#c41230'),
	('Norfolk State','Mid-Eastern','#044631','#f8a607'),
	('North Carolina','ACC','#6ba1cc','#0b1b39'),
	('North Dakota St.','Summit League','#005841','#ffc700'),
	('North Florida','Atlantic Sun','#031b49','white'),
	('North Georgia','D-II','#002c8c','#ffc700'),
	('North Texas','Conference USA','#079446','white'),
	('Northwestern','Big Ten','#431f81','white'),
	('Northwestern State','Southland','#f2682a','#492f91'),
	('Notre Dame','ACC','#052342','#b79842'),
	('Ohio State','Big Ten','#b2b8be','#d0073b'),
	('Oklahoma','Big 12','#841626','white'),
	('Oklahoma State','Big 12','black','#ff6c00'),
	('Old Dominion','Conference USA','#003a69','#b0b6bb'),
	('Ole Miss','SEC','#0e2143','#d2233a'),
	('Oral Roberts','Summit League','#0d1f40','#c4b588'),
	('Oregon','Pac 12','#173d35','#ffe115'),
	('Oregon State','Pac 12','#db4405','black'),
	('Penn State','Big Ten','#032759','white'),
	('Pepperdine','West Coast','#052158','#e07c3b'),
	('Pine Bluff','SWAC','black','#fab100'),
	('Pittsburgh','ACC','#06329b','#ffb400'),
	('Portland','West Coast','#0b054b','white'),
	('Prairie View','SWAC','#4f2784','#ffc323'),
	('Princeton','Ivy League','#ff6b07','black'),
	('Providence','Big East','black','#9a9a97'),
	('Purdue','Big Ten','#ccb996','black'),
	('Quinnipiac','MAAC','#13223c','#f5b745'),
	('Radford','Big South','#C02428','white'),
	('Rhode Island','Atlantic 10','#072144','#75abe3'),
	('Rice','Conference USA','#061838','white'),
	('Richmond','Atlantic 10','#042140','#cc0028'),
	('Rider','MAAC','#9d0035','#c2c3c6'),
	('Sacred Heart','Northeast','#be2d45','white'),
	('Saint Louis','Atlantic 10','#004c99','white'),
	('Saint Mary\'s','West Coast','#06315b','#d80024'),
	('Saint Peter\'s','MAAC','#082946','#007cc1'),
	('Sam Houston St.','Southland','#ff6813','white'),
	('Samford','Southern','#0c2341','#c00c31'),
	('San Diego','West Coast','#003d82','#66beee'),
	('San Diego State','Mountain West','black','#b52b36'),
	('San Francisco','West Coast','#00563b','#ffb900'),
	('San Jose State','Mountian West','#ffba12','#0035a9'),
	('Santa Clara','West Coast','#872130','white'),
	('Savannah St.','D-II','#011e96','#ff5a02'),
	('SC Upstate','Big South','#005a3b','white'),
	('SE Louisiana','Southland','#1a704d','#deb02e'),
	('SE Missouri St.','Ohio Valley','black','#d80025'),
	('SMU','American','#005dab','#cc0035'),
	('South Alabama','Sun Belt','#13182e','#b8143f'),
	('South Carolina','SEC','#6f1028','white'),
	('South Dakota St.','Summit League','#1e59a3','#fbdd4b'),
	('South Florida','American','#005740','#c0ac6e'),
	('Southern','SWAC','#44b0e6','#ffc700'),
	('Southern Illinois','Missouri Valley','#672b3d','white'),
	('Southern Miss','Conference USA','black','#ffc209'),
	('St. Bonaventure','Atlantic 10','#542113','#beb8b1'),
	('St. Joseph\'s','Atlantic 10','#922935','white'),
	('Stanford','Pac 12','#8d0027','white'),
	('Stephen F. Austin','Southland','#362170','white'),
	('Stetson','Atlantic Sun','#265642','white'),
	('Syracuse','ACC','#e64e1d','#162e57'),
	('TAMU CC','Southland','#2668b5','white'),
	('TCU','Big 12','#502e84','white'),
	('Tennessee','SEC','#e9863d','white'),
	('Tennessee State','Ohio Valley','#0053ab','white'),
	('Tennessee Tech','Ohio Valley','#71009f','#ffcb00'),
	('Texas','Big 12','#b55c22','white'),
	('Texas A&M','SEC','#370d0e','white'),
	('Texas Pan-Am','WAC','#007336','#ff7300'),
	('Texas Southern','SWAC','#888a8c','#650527'),
	('Texas State','Sun Belt','#ac9156','#571c1f'),
	('Texas Tech','Big 12','black','#ba0711'),
	('Troy','Sun Belt','#9e0531','#b3b5b8'),
	('Tulane','American','#006647','white'),
	('Tulsa','American','#003382','#fe0000'),
	('UAB','Conference USA','#ba9c60','#034f35'),
	('UCF','American','#be9446','black'),
	('UCLA','Pac 12','#015dae','#ffac0e'),
	('UCSB','Big West','#2b5391','#f7a931'),
	('UL Monroe','Sun Belt','#7b1627','#f9b82d'),
	('UM East. Shore','Mid-Eastern','#86212f','#898c8e'),
	('UMass','Atlantic 10','#6f0d14','white'),
	('UMass Lowell','America East','#1d5091','#be424a'),
	('UNC Asheville','Big South','#1e3fa2','white'),
	('UNLV','Mountian West','#c8c8c8','#e30026'),
	('USC','Pac 12','#9f1d32','#fdc800'),
	('UT Martin','Ohio Valley','#002649','#f8521c'),
	('Utah','Pac 12','#c32034','white'),
	('Utah State','Mountian West','#001e37','#9d968d'),
	('Utah Valley','WAC','#345b3b','white'),
	('UTEP','Conference USA','#e95a0f','#002d62'),
	('UTRGV','WAC','#ed4726','#11243e'),
	('UTSA','Conference USA','#002a61','#ff6d00'),
	('Vanderbilt','SEC','#a8996e','black'),
	('VCU','Atlantic 10','#fdb813','black'),
	('Villanova','Big East','#192857','#0baae1'),
	('Virginia','ACC','#f14d24','#091f40'),
	('Virginia Tech','ACC','#43020e','#ff6600'),
	('Wake Forest','ACC','black','#bba16a'),
	('Washington','Pac 12','#3c2e81','#e9bc77'),
	('Washington St.','Pac 12','#8b1435','white'),
	('West Virginia','Big 12','#002855','#eaaa00'),
	('Western Carolina','Southern','#6b18a5','#d5aa71'),
	('Western Illinois','Summit League','#4e2e84','#f8cc46'),
	('Western Kentucky','Conference USA','#b01e24','white'),
	('Western Michigan','MAC','#c19958','#35261c'),
	('Winthrop','Big South','#881e31','#ffb305'),
	('Wofford','Southern','#886e4c','black'),
	('Wright State','Horizon','#1e4f39','#dfa037'),
	('Xavier','Big East','#072241','white'),
	('Youngstown St.','Horizon','#b92b34','white');

/*!40000 ALTER TABLE `opponent` ENABLE KEYS */;
UNLOCK TABLES;


# Dump of table season
# ------------------------------------------------------------

DROP TABLE IF EXISTS `season`;

CREATE TABLE `season` (
  `yr` varchar(7) NOT NULL,
  `head_coach` varchar(30) DEFAULT NULL,
  `wins` int(11) DEFAULT NULL,
  `losses` int(11) DEFAULT NULL,
  `sec_wins` int(11) DEFAULT NULL,
  `sec_losses` int(11) DEFAULT NULL,
  PRIMARY KEY (`yr`)
) ENGINE=InnoDB DEFAULT CHARSET=utf8mb4;

LOCK TABLES `season` WRITE;
/*!40000 ALTER TABLE `season` DISABLE KEYS */;

INSERT INTO `season` (`yr`, `head_coach`, `wins`, `losses`, `sec_wins`, `sec_losses`)
VALUES
	('00-2001','Rick Stansbury',18,13,7,9),
	('01-2002','Rick Stansbury',27,8,10,6),
	('02-2003','Rick Stansbury',21,10,9,7),
	('03-2004','Rick Stansbury',26,4,14,2),
	('04-2005','Rick Stansbury',23,11,9,7),
	('05-2006','Rick Stansbury',15,15,5,11),
	('06-2007','Rick Stansbury',21,14,8,8),
	('07-2008','Rick Stansbury',23,11,12,4),
	('08-2009','Rick Stansbury',23,13,9,7),
	('09-2010','Rick Stansbury',24,12,9,7),
	('10-2011','Rick Stansbury',17,13,9,7),
	('11-2012','Rick Stansbury',21,12,8,8),
	('12-2013','Rick Ray',10,22,4,14),
	('13-2014','Rick Ray',14,19,3,15),
	('14-2015','Rick Ray',13,19,6,12),
	('15-2016','Ben Howland',14,17,7,11),
	('16-2017','Ben Howland',16,16,6,12),
	('17-2018','Ben Howland',25,12,9,9),
	('18-2019','Ben Howland',23,11,10,8),
	('19-2020','Ben Howland',20,11,11,7),
	('20-2021','Ben Howland',0,0,0,0),
	('62-1963','Babe McCarthy',22,6,12,2),
	('78-1979','Jim Hatfield',19,9,11,7),
	('89-1990','Richard Williams',16,14,7,11),
	('90-1991','Richard Williams',20,9,13,5),
	('93-1994','Richard Williams',18,11,9,7),
	('94-1995','Richard Williams',22,8,12,4),
	('95-1996','Richard Williams',26,8,10,6),
	('96-1997','Richard Williams',12,18,6,10),
	('97-1998','Richard Williams',15,15,4,12),
	('98-1999','Rick Stansbury',20,13,8,8),
	('99-2000','Rick Stansbury',14,16,5,11);

/*!40000 ALTER TABLE `season` ENABLE KEYS */;
UNLOCK TABLES;


# Dump of table uniform
# ------------------------------------------------------------

DROP TABLE IF EXISTS `uniform`;

CREATE TABLE `uniform` (
  `uniformID` int(11) NOT NULL AUTO_INCREMENT,
  `uColor` varchar(30) DEFAULT NULL,
  `uName` varchar(100) DEFAULT NULL,
  `uImage` varchar(100) DEFAULT NULL,
  PRIMARY KEY (`uniformID`)
) ENGINE=InnoDB AUTO_INCREMENT=90 DEFAULT CHARSET=utf8mb4;

LOCK TABLES `uniform` WRITE;
/*!40000 ALTER TABLE `uniform` DISABLE KEYS */;

INSERT INTO `uniform` (`uniformID`, `uColor`, `uName`, `uImage`)
VALUES
	(1,'white','2020 white uniforms perry','https://i.imgur.com/VJlmiXu.png'),
	(2,'maroon','2020 maroon uniforms carter','https://i.imgur.com/eOhqmdi.png'),
	(3,'black','2020 black uniforms woodard','https://i.imgur.com/ow5lT04.png'),
	(4,'gray','2020 gray uniforms n weatherspoon','https://i.imgur.com/XbB69Zw.png'),
	(5,'gray','2020 gray uniforms molinar','https://i.imgur.com/uk3YgEC.png'),
	(6,'cream','2020 cream uniforms ado','https://i.imgur.com/KarpxuU.png'),
	(7,'white','2019 ncaa white uniforms q weatherspoon','https://i.imgur.com/UsIc8Id.png'),
	(8,'white','2019 white uniforms q weatherspoon','https://i.imgur.com/w98YTR2.png'),
	(9,'maroon','2019 maroon uniforms peters','https://i.imgur.com/fRnhOQJ.png'),
	(10,'gray','2018 gray uniforms holman','https://i.imgur.com/w69Z6TP.png'),
	(11,'black','2019 black uniforms ado','https://i.imgur.com/ejaopq0.png'),
	(12,'cream','2019 harlem cream uniforms perry','https://i.imgur.com/ps2sE5j.png'),
	(13,'cream','2019 cream uniforms carter','https://i.imgur.com/rLyripX.png'),
	(14,'white','2018 script white uniforms stapleton','https://i.imgur.com/pFF1I0W.png'),
	(15,'cream','2017 iced out cream uniforms carter','https://i.imgur.com/GWOTDKm.png'),
	(16,'cream','2018 cream uniforms n weatherspoon','https://i.imgur.com/ykViwob.png'),
	(17,'white','2018 white uniforms q weatherspoon','https://i.imgur.com/UuS6pZc.png'),
	(18,'maroon','2017 maroon uniforms peters','https://i.imgur.com/xHcjeFG.png'),
	(19,'black','2018 black uniforms ado','https://i.imgur.com/mLOhOS8.png'),
	(20,'maroon','2017 made in march maroon uniforms holman','https://i.imgur.com/1D729eD.png'),
	(21,'white','2017 made in march white uniforms stapleton','https://i.imgur.com/fl5AJup.png'),
	(22,'cream','2016 cream uniforms ready','https://i.imgur.com/AcOPO5w.png'),
	(23,'white','2017 white uniforms q weatherspoon','https://i.imgur.com/jtWdAGr.png'),
	(24,'black','2017 black uniforms kegler','https://i.imgur.com/oPNM9VF.png'),
	(25,'maroon','2016 made in march maroon uniforms q weatherspoon','https://i.imgur.com/ayUCFdZ.png'),
	(26,'black','2016 black uniforms newman','https://i.imgur.com/KOnC3DW.png'),
	(27,'cream','2015 cream uniforms johnson','https://i.imgur.com/ZCx9Bds.png'),
	(28,'black','2015 black uniforms thomas','https://i.imgur.com/nt1Qkm4.png'),
	(29,'maroon','2015 maroon uniforms ware','https://i.imgur.com/97gQvN2.png'),
	(30,'white','2015 white uniforms sword','https://i.imgur.com/Ws5iZSP.png'),
	(31,'gray','2014 gray uniforms johnson','https://i.imgur.com/Mt2t3CE.png'),
	(32,'gray','2013 gray uniforms steele','https://i.imgur.com/slMJ5b4.png'),
	(33,'black','2013 black uniforms thomas','https://i.imgur.com/Hmn00HJ.png'),
	(34,'maroon','2013 maroon uniforms ware','https://i.imgur.com/ioGusfo.png'),
	(35,'white','2013 white uniforms sword','https://i.imgur.com/7PcQbMY.png'),
	(36,'black','2012 black uniforms sidney','https://i.imgur.com/cLUbFcT.png'),
	(37,'gray','2012 gray uniforms hood','https://i.imgur.com/ja02ZAL.png'),
	(38,'maroon','2012 maroon uniforms moultrie','https://i.imgur.com/YVipwqi.png'),
	(39,'white','2012 white uniforms bost','https://i.imgur.com/I3tsDJQ.png'),
	(40,'black','2011 black uniforms augustus','https://i.imgur.com/2B5gKzw.png'),
	(41,'maroon','2011 maroon uniforms johnson','https://i.imgur.com/98BeFkz.png'),
	(42,'white','2011 white uniforms bost','https://i.imgur.com/Vvdssiy.png'),
	(43,'black','2010 black uniforms johnson','https://i.imgur.com/Iu0gsyg.png'),
	(44,'maroon','2010 maroon uniforms bost','https://i.imgur.com/RK8aWBB.png'),
	(45,'white','2010 white uniforms varnado','https://i.imgur.com/sleeamq.png'),
	(46,'maroon','2009 ncaa maroon uniforms stewart','https://i.imgur.com/MUfEBNJ.png'),
	(47,'maroon','2009 maroon uniforms stewart','https://i.imgur.com/5HFjuCW.png'),
	(48,'white','2009 white uniforms varnado','https://i.imgur.com/3nC6QHq.png'),
	(49,'maroon','2008 ncaa maroon uniforms gordon','https://i.imgur.com/WrVn5Kk.png'),
	(50,'maroon','2008 maroon uniforms gordon','https://i.imgur.com/7VXLYIU.png'),
	(51,'white','2008 ncaa white uniforms rhodes','https://i.imgur.com/7VoDc0Z.png'),
	(52,'white','2008 white uniforms rhodes','https://i.imgur.com/o4IgtWt.png'),
	(53,'white','2006 throwback white uniforms edmondson','https://i.imgur.com/dIH9QwJ.png'),
	(54,'maroon','2006 maroon uniforms gordon','https://i.imgur.com/iL2IAZ7.png'),
	(55,'white','2006 white uniforms rhodes','https://i.imgur.com/zjK2bFc.png'),
	(56,'maroon','2007 maroon uniforms gordon','https://i.imgur.com/zKQ0tBB.png'),
	(57,'white','2007 white uniforms rhodes','https://i.imgur.com/OadXsX0.png'),
	(58,'maroon','2003 maroon uniforms bowers','https://i.imgur.com/YGc3rKo.png'),
	(59,'white','2003 white uniforms austin','https://i.imgur.com/kx3rn59.png'),
	(60,'maroon','2004 maroon uniforms bowers','https://i.imgur.com/2Hg651K.png'),
	(61,'white','2004 white uniforms roberts','https://i.imgur.com/uON0KBu.png'),
	(62,'maroon','2005 maroon uniforms power','https://i.imgur.com/EHluobp.png'),
	(63,'white','2005 white uniforms roberts','https://i.imgur.com/NJnYaYJ.png'),
	(64,'maroon','2000 maroon uniforms hamilton','https://i.imgur.com/79O72Gc.png'),
	(65,'white','2000 white uniforms jackson','https://i.imgur.com/TUIuhJC.png'),
	(66,'maroon','2001 maroon uniforms patterson','https://i.imgur.com/MoXduem.png'),
	(67,'white','2001 white uniforms jackson','https://i.imgur.com/lBAjGyO.png'),
	(68,'maroon','2002 maroon uniforms patterson','https://i.imgur.com/gZOtHvY.png'),
	(69,'white','2002 white uniforms austin','https://i.imgur.com/Yie3Cj5.png'),
	(70,'maroon','1997 maroon uniforms webster','https://i.imgur.com/1uu83xs.png'),
	(71,'white','1997 white uniforms hyche','https://i.imgur.com/qPJxzBI.png'),
	(72,'maroon','1998 maroon uniforms webster','https://i.imgur.com/E42DCDC.png'),
	(73,'white','1998 white uniforms washington','https://i.imgur.com/bA4s4nL.png'),
	(74,'maroon','1999 maroon uniforms hamilton','https://i.imgur.com/Y0Hxu5a.png'),
	(75,'white','1999 white uniforms washington','https://i.imgur.com/vW8sWoc.png'),
	(76,'maroon','1994 maroon uniforms dampier','https://i.imgur.com/9MZ24KH.png'),
	(77,'maroon','1995 maroon uniforms dampier','https://i.imgur.com/oZAfb0D.png'),
	(78,'white','1995 white uniforms wilson','https://i.imgur.com/ewZzfuy.png'),
	(79,'maroon','1996 maroon uniforms jones','https://i.imgur.com/rdh3yhu.png'),
	(80,'white','1996 white uniforms wilson','https://i.imgur.com/bOpLdFa.png'),
	(81,'maroon','1963 maroon uniforms','https://i.imgur.com/DemEJhK.png'),
	(82,'white','1979 white uniforms','https://i.imgur.com/7zfkmOk.png'),
	(83,'maroon','1990 maroon uniforms','https://i.imgur.com/9Kk5KuW.png'),
	(84,'white','1990 white uniforms','https://i.imgur.com/agAK6Eb.png'),
	(85,'white','1991 white uniforms','https://i.imgur.com/zATgPXX.png'),
	(86,'maroon','2006 throwback maroon uniforms slater','https://i.imgur.com/hSKyCty.png'),
	(87,'white','2021 white uniforms tolu smith','https://i.imgur.com/u70zvgK.png'),
	(88,'maroon','2021 maroon uniforms dj stewart jr','https://i.imgur.com/Nfc0y8V.png'),
	(89,'black','2021 black uniforms iverson molinar','https://i.imgur.com/FaEskYG.png');

/*!40000 ALTER TABLE `uniform` ENABLE KEYS */;
UNLOCK TABLES;



/*!40111 SET SQL_NOTES=@OLD_SQL_NOTES */;
/*!40101 SET SQL_MODE=@OLD_SQL_MODE */;
/*!40014 SET FOREIGN_KEY_CHECKS=@OLD_FOREIGN_KEY_CHECKS */;
/*!40101 SET CHARACTER_SET_CLIENT=@OLD_CHARACTER_SET_CLIENT */;
/*!40101 SET CHARACTER_SET_RESULTS=@OLD_CHARACTER_SET_RESULTS */;
/*!40101 SET COLLATION_CONNECTION=@OLD_COLLATION_CONNECTION */;
