# ************************************************************
# Sequel Ace SQL dump
# Version 3034
#
# https://sequel-ace.com/
# https://github.com/Sequel-Ace/Sequel-Ace
#
# Host: ls-ed52acd835d3b04e8df8a962fff8a5e1f827d6c5.camxrlw6o2ww.us-east-1.rds.amazonaws.com (MySQL 5.7.33-log)
# Database: wbktabledata
# Generation Time: 2021-07-25 01:34:54 +0000
# ************************************************************


/*!40101 SET @OLD_CHARACTER_SET_CLIENT=@@CHARACTER_SET_CLIENT */;
/*!40101 SET @OLD_CHARACTER_SET_RESULTS=@@CHARACTER_SET_RESULTS */;
/*!40101 SET @OLD_COLLATION_CONNECTION=@@COLLATION_CONNECTION */;
SET NAMES utf8mb4;
/*!40014 SET @OLD_FOREIGN_KEY_CHECKS=@@FOREIGN_KEY_CHECKS, FOREIGN_KEY_CHECKS=0 */;
/*!40101 SET @OLD_SQL_MODE='NO_AUTO_VALUE_ON_ZERO', SQL_MODE='NO_AUTO_VALUE_ON_ZERO' */;
/*!40111 SET @OLD_SQL_NOTES=@@SQL_NOTES, SQL_NOTES=0 */;


# Dump of table game
# ------------------------------------------------------------

DROP TABLE IF EXISTS `game`;

CREATE TABLE `game` (
  `gameID` int(11) NOT NULL AUTO_INCREMENT,
  `yr` varchar(7) DEFAULT NULL,
  `gameday` date DEFAULT NULL,
  `opponentName` varchar(30) DEFAULT NULL,
  `result` varchar(10) DEFAULT NULL,
  `points_for` int(11) DEFAULT NULL,
  `points_against` int(11) DEFAULT NULL,
  `type` varchar(50) DEFAULT NULL,
  `location` varchar(30) DEFAULT NULL,
  `uniformID` int(11) NOT NULL,
  PRIMARY KEY (`gameID`,`uniformID`),
  KEY `yr` (`yr`),
  KEY `opponentName` (`opponentName`),
  KEY `uniformID` (`uniformID`),
  CONSTRAINT `game_ibfk_1` FOREIGN KEY (`yr`) REFERENCES `season` (`yr`),
  CONSTRAINT `game_ibfk_2` FOREIGN KEY (`opponentName`) REFERENCES `opponent` (`opponentName`),
  CONSTRAINT `game_ibfk_3` FOREIGN KEY (`uniformID`) REFERENCES `uniform` (`uniformID`)
) ENGINE=InnoDB AUTO_INCREMENT=394 DEFAULT CHARSET=utf8mb4;

LOCK TABLES `game` WRITE;
/*!40000 ALTER TABLE `game` DISABLE KEYS */;

INSERT INTO `game` (`gameID`, `yr`, `gameday`, `opponentName`, `result`, `points_for`, `points_against`, `type`, `location`, `uniformID`)
VALUES
	(1,'19-2020','2020-03-08','South Carolina','Loss',62,76,'SECT Championship','secT',2),
	(2,'19-2020','2020-03-07','Kentucky','Win',77,59,'SECT Semifinals','secT',4),
	(3,'19-2020','2020-03-06','LSU','Win',79,49,'SECT Quarterfinals','secT',4),
	(4,'18-2019','2019-03-31','Oregon','Loss',84,88,'NCAA Elite Eight','ncaaSsEe',14),
	(5,'18-2019','2019-03-29','Arizona State','Win',76,53,'NCAA Sweet Sixteen','ncaaSsEe',12),
	(6,'18-2019','2019-03-24','Clemson','Win',85,61,'NCAA Round of 32','ncaa',12),
	(7,'18-2019','2019-03-22','Southern','Win',103,46,'NCAA Round of 64','ncaa',7),
	(8,'18-2019','2019-03-10','Arkansas','Win',101,70,'SECT Championship','secT',13),
	(9,'18-2019','2019-03-09','Missouri','Win',71,56,'SECT Semifinals','secT',11),
	(10,'18-2019','2019-03-08','Tennessee','Win',83,68,'SECT Quarterfinals','secT',11),
	(11,'19-2020','2020-03-01','Ole Miss','Win',84,59,'SEC','road',3),
	(12,'19-2020','2020-02-27','Arkansas','Win',92,83,'SEC','home',1),
	(13,'19-2020','2020-02-23','Alabama','Loss',64,66,'SEC','home',1),
	(14,'19-2020','2020-02-20','Auburn','Win',92,85,'SEC','road',2),
	(15,'19-2020','2020-02-16','Kentucky','Loss',62,73,'SEC','road',2),
	(16,'19-2020','2020-02-09','Texas A&M','Win',69,57,'SEC','home',5),
	(17,'19-2020','2020-02-06','Tennessee','Win',72,55,'SEC','road',2),
	(18,'19-2020','2020-02-03','Georgia','Win',67,53,'SEC','home',4),
	(19,'19-2020','2020-01-30','Auburn','Win',78,73,'SEC','home',1),
	(20,'19-2020','2020-01-26','Ole Miss','Win',80,39,'SEC','home',3),
	(21,'19-2020','2020-01-23','Vanderbilt','Win',68,52,'SEC','road',2),
	(22,'19-2020','2020-01-20','South Carolina','Loss',79,81,'SEC','road',2),
	(23,'19-2020','2020-01-16','LSU','Win',64,60,'SEC','home',1),
	(24,'19-2020','2020-01-09','Missouri','Win',79,64,'SEC','road',2),
	(25,'19-2020','2020-01-05','Georgia','Win',73,66,'SEC','road',1),
	(26,'19-2020','2020-01-02','Florida','Win',93,47,'SEC','home',1),
	(27,'19-2020','2019-11-09','Southern Miss','Win',91,58,'Non-Conference','home',1),
	(28,'19-2020','2019-11-11','UT Martin','Win',82,46,'Non-Conference','home',1),
	(29,'19-2020','2019-11-15','Murray State','Win',124,43,'Non-Conference','home',1),
	(30,'19-2020','2019-11-18','Troy','Win',122,82,'Non-Conference','home',1),
	(31,'19-2020','2019-11-21','Jackson State','Win',92,53,'Non-Conference','road',2),
	(32,'19-2020','2019-11-25','Marquette','Win',74,68,'Non-Conference','road',2),
	(33,'19-2020','2019-11-28','San Francisco','Win',73,38,'Non-Conference','neutral',1),
	(34,'19-2020','2019-11-29','Green Bay','Win',83,58,'Non-Conference','neutral',2),
	(35,'19-2020','2019-11-30','Stanford','Loss',62,67,'Non-Conference','neutral',1),
	(36,'19-2020','2019-12-08','West Virginia','Loss',65,71,'Non-Conference','home',1),
	(37,'19-2020','2019-12-16','Louisiana','Win',64,48,'Non-Conference','road',2),
	(38,'19-2020','2019-12-19','South Florida','Win',86,61,'Non-Conference','neutral',1),
	(39,'19-2020','2019-12-21','Virginia','Win',72,59,'Non-Conference','neutral',2),
	(40,'19-2020','2019-12-29','Little Rock','Win',89,50,'Non-Conference','home',1),
	(41,'18-2019','2019-03-03','South Carolina','Win',68,64,'SEC','road',8),
	(42,'18-2019','2019-02-28','LSU','Win',76,56,'SEC','home',6),
	(43,'18-2019','2019-02-24','Vanderbilt','Win',86,70,'SEC','home',13),
	(44,'18-2019','2019-02-21','Ole Miss','Win',80,66,'SEC','road',9),
	(45,'18-2019','2019-02-17','Texas A&M','Win',92,64,'SEC','road',8),
	(46,'18-2019','2019-02-14','Missouri','Loss',67,75,'SEC','home',6),
	(47,'18-2019','2019-02-10','Tennessee','Win',91,63,'SEC','home',15),
	(48,'18-2019','2019-02-03','Alabama','Win',65,49,'SEC','road',8),
	(49,'18-2019','2019-01-31','LSU','Win',68,35,'SEC','road',8),
	(50,'18-2019','2019-01-27','Ole Miss','Win',80,49,'SEC','home',9),
	(51,'18-2019','2019-01-24','Florida','Win',90,42,'SEC','road',8),
	(52,'18-2019','2019-01-17','South Carolina','Win',89,74,'SEC','home',11),
	(53,'18-2019','2019-01-14','Auburn','Win',85,59,'SEC','road',8),
	(54,'18-2019','2019-01-10','Georgia','Win',80,71,'SEC','home',6),
	(55,'18-2019','2019-01-06','Kentucky','Win',86,71,'SEC','home',10),
	(56,'18-2019','2019-01-03','Arkansas','Win',93,69,'SEC','road',8),
	(57,'18-2019','2018-12-30','Louisiana','Win',104,36,'Non-Conference','home',6),
	(58,'18-2019','2018-12-20','Washington','Win',103,56,'Non-Conference','road',8),
	(59,'18-2019','2018-12-18','Oregon','Loss',74,82,'Non-Conference','road',8),
	(60,'18-2019','2018-12-14','Southern Miss','Win',86,42,'Non-Conference','road',8),
	(61,'18-2019','2018-12-06','Marquette','Win',87,82,'Non-Conference','home',6),
	(62,'18-2019','2018-12-02','Texas','Win',67,49,'Non-Conference','road',8),
	(63,'18-2019','2018-11-28','Little Rock','Win',98,63,'Non-Conference','road',8),
	(64,'18-2019','2018-11-24','Jackson State','Win',105,38,'Non-Conference','home',6),
	(65,'18-2019','2018-11-21','Furman','Win',106,41,'Non-Conference','home',6),
	(66,'18-2019','2018-11-18','Coppin State','Win',110,38,'Non-Conference','home',6),
	(67,'18-2019','2018-11-15','Lamar','Win',104,53,'Non-Conference','home',6),
	(68,'18-2019','2018-11-09','Virginia','Win',72,44,'Non-Conference','road',8),
	(69,'18-2019','2018-11-06','SE Missouri St.','Win',88,53,'Non-Conference','home',6),
	(70,'17-2018','2018-04-01','Notre Dame','Loss',58,61,'National Championship','ncaaNationalChampionship',18),
	(71,'17-2018','2018-03-30','Louisville','Win',73,63,'NCAA Final Four','ncaaFinalFour18',18),
	(72,'17-2018','2018-03-25','UCLA','Win',89,73,'NCAA Elite Eight','ncaaSsEe',17),
	(73,'17-2018','2018-03-23','NC State','Win',71,57,'NCAA Sweet Sixteen','ncaaSsEe',17),
	(74,'17-2018','2018-03-19','Oklahoma State','Win',71,56,'NCAA Round of 32','ncaa',17),
	(75,'17-2018','2018-03-17','Nicholls State','Win',95,50,'NCAA Round of 64','ncaa',17),
	(76,'17-2018','2018-03-04','South Carolina','Loss',51,62,'SECT Championship','secT',21),
	(77,'17-2018','2018-03-03','Texas A&M','Win',70,55,'SECT Semifinals','secT',21),
	(78,'17-2018','2018-03-02','Kentucky','Win',81,58,'SECT Quarterfinals','secT',21),
	(79,'16-2017','2017-04-02','South Carolina','Loss',55,67,'National Championship','ncaaNationalChampionship',27),
	(80,'16-2017','2017-03-31','Connecticut','Win',66,64,'NCAA Final Four','ncaaFinalFour17',27),
	(81,'16-2017','2017-03-26','Baylor','Win',94,85,'NCAA Elite Eight','ncaaSsEe',26),
	(82,'16-2017','2017-03-24','Washington','Win',75,64,'NCAA Sweet Sixteen','ncaaSsEe',25),
	(83,'16-2017','2017-03-19','DePaul','Win',92,71,'NCAA Round of 32','ncaa',25),
	(84,'16-2017','2017-03-17','Troy','Win',110,69,'NCAA Round of 64','ncaa',25),
	(85,'16-2017','2017-03-05','South Carolina','Loss',49,59,'SECT Championship','secT',30),
	(86,'16-2017','2017-03-04','Texas A&M','Win',66,50,'SECT Semifinals','secT',24),
	(87,'16-2017','2017-03-03','LSU','Win',78,61,'SECT Quarterfinals','secT',24),
	(88,'17-2018','2018-02-25','Kentucky','Win',85,63,'SEC','road',19),
	(89,'17-2018','2018-02-22','Auburn','Win',82,61,'SEC','home',16),
	(90,'17-2018','2018-02-18','Texas A&M','Win',76,55,'SEC','home',23),
	(91,'17-2018','2018-02-15','Vanderbilt','Win',95,50,'SEC','road',16),
	(92,'17-2018','2018-02-11','Kentucky','Win',74,55,'SEC','home',22),
	(93,'17-2018','2018-02-08','Florida','Win',98,50,'SEC','road',19),
	(94,'17-2018','2018-02-05','South Carolina','Win',67,53,'SEC','home',21),
	(95,'17-2018','2018-02-01','Missouri','Win',57,53,'SEC','road',19),
	(96,'17-2018','2018-01-28','Ole Miss','Win',69,49,'SEC','road',19),
	(97,'17-2018','2018-01-25','Florida','Win',90,53,'SEC','home',16),
	(98,'17-2018','2018-01-21','Tennessee','Win',71,52,'SEC','road',19),
	(99,'17-2018','2018-01-14','Alabama','Win',75,61,'SEC','home',16),
	(100,'17-2018','2018-01-11','Ole Miss','Win',76,45,'SEC','home',20),
	(101,'17-2018','2018-01-07','LSU','Win',83,70,'SEC','road',19),
	(102,'17-2018','2018-01-04','Arkansas','Win',111,69,'SEC','home',16),
	(103,'17-2018','2017-12-31','Georgia','Win',86,62,'SEC','road',16),
	(104,'17-2018','2017-11-10','Virginia','Win',68,53,'Non-Conference','home',16),
	(105,'17-2018','2017-11-16','Georgia State','Win',106,50,'Non-Conference','home',16),
	(106,'17-2018','2017-11-19','Southern Miss','Win',91,56,'Non-Conference','home',16),
	(107,'17-2018','2017-11-23','Arizona State','Win',65,57,'Non-Conference','neutral',16),
	(108,'17-2018','2017-11-24','Columbia','Win',90,54,'Non-Conference','neutral',19),
	(109,'17-2018','2017-11-25','Green Bay','Win',67,46,'Non-Conference','neutral',16),
	(110,'17-2018','2017-11-29','Louisiana','Win',94,37,'Non-Conference','neutral',16),
	(111,'17-2018','2017-12-03','Oklahoma State','Win',79,76,'Non-Conference','home',16),
	(112,'17-2018','2017-12-10','Little Rock','Win',86,48,'Non-Conference','home',16),
	(113,'17-2018','2017-12-13','Oregon','Win',90,79,'Non-Conference','home',16),
	(114,'17-2018','2017-12-17','Maine','Win',83,43,'Non-Conference','home',16),
	(115,'17-2018','2017-12-20','UNLV','Win',103,63,'Non-Conference','road',19),
	(116,'17-2018','2017-12-21','Syracuse','Win',76,65,'Non-Conference','neutral',16),
	(117,'17-2018','2017-12-28','MS Valley State','Win',112,36,'Non-Conference','home',16),
	(118,'16-2017','2017-02-26','Tennessee','Loss',64,82,'SEC','home',16),
	(119,'16-2017','2017-02-23','Kentucky','Loss',75,78,'SEC','road',28),
	(120,'16-2017','2017-02-19','Texas A&M','Win',72,67,'SEC','road',20),
	(121,'16-2017','2017-02-16','Georgia','Win',58,49,'SEC','home',31),
	(122,'16-2017','2017-02-12','Ole Miss','Win',66,44,'SEC','road',31),
	(123,'16-2017','2017-02-09','Vanderbilt','Win',86,41,'SEC','home',16),
	(124,'16-2017','2017-02-05','Missouri','Win',70,53,'SEC','home',29),
	(125,'16-2017','2017-02-02','Auburn','Win',77,47,'SEC','road',28),
	(126,'16-2017','2017-01-29','Texas A&M','Win',71,61,'SEC','home',30),
	(127,'16-2017','2017-01-23','South Carolina','Loss',61,64,'SEC','road',28),
	(128,'16-2017','2017-01-19','Alabama','Win',67,54,'SEC','road',28),
	(129,'16-2017','2017-01-16','Ole Miss','Win',73,62,'SEC','home',20),
	(130,'16-2017','2017-01-12','Florida','Win',82,49,'SEC','home',16),
	(131,'16-2017','2017-01-08','Tennessee','Win',74,64,'SEC','road',28),
	(132,'16-2017','2017-01-05','Arkansas','Win',59,51,'SEC','road',28),
	(133,'16-2017','2017-01-01','LSU','Win',74,48,'SEC','home',16),
	(134,'16-2017','2016-12-28','Northwestern State','Win',106,30,'Non-Conference','home',16),
	(135,'16-2017','2016-12-20','Alabama State','Win',90,47,'Non-Conference','home',16),
	(136,'16-2017','2016-12-18','USC','Win',76,72,'Non-Conference','road',28),
	(137,'16-2017','2016-12-16','SMU','Win',91,42,'Non-Conference','neutral',16),
	(138,'16-2017','2016-12-13','Little Rock','Win',58,44,'Non-Conference','road',28),
	(139,'16-2017','2016-12-10','Southern Miss','Win',72,50,'Non-Conference','road',28),
	(140,'16-2017','2016-12-03','Iowa State','Win',85,51,'Non-Conference','road',28),
	(141,'16-2017','2016-11-27','Hawaii','Win',66,41,'Non-Conference','road',16),
	(142,'16-2017','2016-11-26','San Jose State','Win',88,51,'Non-Conference','neutral',16),
	(143,'16-2017','2016-11-25','Oregon','Win',75,63,'Non-Conference','neutral',28),
	(144,'16-2017','2016-11-20','Texas','Win',79,68,'Non-Conference','home',20),
	(145,'16-2017','2016-11-16','Tulane','Win',66,49,'Non-Conference','neutral',16),
	(146,'16-2017','2016-11-12','Maine','Win',87,43,'Non-Conference','road',28),
	(147,'16-2017','2016-11-11','Villanova','Win',108,62,'Non-Conference','neutral',16),
	(148,'15-2016','2016-03-26','Connecticut','Loss',38,98,'NCAA Sweet Sixteen','ncaaSsEe',35),
	(149,'15-2016','2016-03-20','Michigan State','Win',74,72,'NCAA Round of 32','ncaa',35),
	(150,'15-2016','2016-03-18','Chattanooga','Win',60,50,'NCAA Round of 64','ncaa',33),
	(151,'15-2016','2016-03-06','South Carolina','Loss',52,66,'SECT Championship','secT',36),
	(152,'15-2016','2016-03-05','Tennessee','Win',58,48,'SECT Semifinals','secT',32),
	(153,'15-2016','2016-03-04','Vanderbilt','Win',63,46,'SECT Quarterfinals','secT',32),
	(154,'15-2016','2016-02-28','Alabama','Win',61,52,'SEC','home',32),
	(155,'15-2016','2016-02-25','Vanderbilt','Win',66,61,'SEC','road',34),
	(156,'15-2016','2016-02-21','Ole Miss','Win',60,51,'SEC','road',31),
	(157,'15-2016','2016-02-18','Kentucky','Loss',60,83,'SEC','home',31),
	(158,'15-2016','2016-02-11','Texas A&M','Loss',58,64,'SEC','road',34),
	(159,'15-2016','2016-02-07','Missouri','Win',52,42,'SEC','home',32),
	(160,'15-2016','2016-02-04','LSU','Win',71,52,'SEC','road',34),
	(161,'15-2016','2016-01-31','Arkansas','Win',65,55,'SEC','road',34),
	(162,'15-2016','2016-01-28','Tennessee','Win',65,63,'SEC','home',32),
	(163,'15-2016','2016-01-24','South Carolina','Loss',51,57,'SEC','home',32),
	(164,'15-2016','2016-01-21','Georgia','Loss',43,47,'SEC','road',34),
	(165,'15-2016','2016-01-18','Ole Miss','Win',79,51,'SEC','home',36),
	(166,'15-2016','2016-01-14','Missouri','Loss',54,66,'SEC','road',34),
	(167,'15-2016','2016-01-10','Arkansas','Win',80,55,'SEC','home',32),
	(168,'15-2016','2016-01-07','Auburn','Win',60,45,'SEC','home',32),
	(169,'15-2016','2016-01-03','Florida','Win',76,70,'SEC','road',36),
	(170,'15-2016','2015-12-30','South Florida','Win',68,58,'Non-Conference','neutral',32),
	(171,'15-2016','2015-12-28','SE Louisiana','Win',81,41,'Non-Conference','home',32),
	(172,'15-2016','2015-12-21','SMU','Win',72,70,'Non-Conference','neutral',32),
	(173,'15-2016','2015-12-20','Western Michigan','Win',90,68,'Non-Conference','neutral',34),
	(174,'15-2016','2015-12-19','FL Gulf Coast','Win',65,60,'Non-Conference','neutral',32),
	(175,'15-2016','2015-12-16','Southern Miss','Win',78,65,'Non-Conference','home',32),
	(176,'15-2016','2015-12-13','Louisiana Tech','Win',93,63,'Non-Conference','road',32),
	(177,'15-2016','2015-12-06','Tennessee State','Win',82,54,'Non-Conference','home',32),
	(178,'15-2016','2015-12-02','Texas','Loss',47,53,'Non-Conference','road',34),
	(179,'15-2016','2015-11-29','Savannah St.','Win',92,25,'Non-Conference','home',32),
	(180,'15-2016','2015-11-27','Norfolk State','Win',92,34,'Non-Conference','home',32),
	(181,'15-2016','2015-11-24','MS Valley State','Win',109,37,'Non-Conference','home',32),
	(182,'15-2016','2015-11-21','Grambling','Win',107,43,'Non-Conference','home',32),
	(183,'15-2016','2015-11-13','Samford','Win',68,47,'Non-Conference','home',32),
	(184,'14-2015','2015-03-22','Duke','Loss',56,64,'NCAA Round of 32','ncaa',38),
	(185,'14-2015','2015-03-20','Tulane','Win',57,47,'NCAA Round of 64','ncaa',33),
	(186,'14-2015','2015-03-06','Kentucky','Loss',67,76,'SECT Quarterfinals','secT',32),
	(187,'14-2015','2015-03-01','Ole Miss','Win',55,47,'SEC','home',36),
	(188,'14-2015','2015-02-26','South Carolina','Loss',50,69,'SEC','road',37),
	(189,'14-2015','2015-02-22','Alabama','Win',57,55,'SEC','road',41),
	(190,'14-2015','2015-02-15','Florida','Win',75,62,'SEC','home',41),
	(191,'14-2015','2015-02-12','Kentucky','Loss',90,92,'SEC','road',37),
	(192,'14-2015','2015-02-08','Texas A&M','Win',63,61,'SEC','home',32),
	(193,'14-2015','2015-02-01','Tennessee','Loss',67,79,'SEC','road',37),
	(194,'14-2015','2015-01-29','Vanderbilt','Win',69,44,'SEC','home',32),
	(195,'14-2015','2015-01-26','Auburn','Win',59,48,'SEC','road',37),
	(196,'14-2015','2015-01-22','Ole Miss','Win',64,62,'SEC','road',37),
	(197,'14-2015','2015-01-18','Alabama','Win',66,50,'SEC','home',32),
	(198,'14-2015','2015-01-15','LSU','Loss',69,71,'SEC','home',32),
	(199,'14-2015','2015-01-11','Vanderbilt','Loss',62,78,'SEC','road',37),
	(200,'14-2015','2015-01-08','Arkansas','Win',72,57,'SEC','home',32),
	(201,'14-2015','2015-01-04','Missouri','Win',53,47,'SEC','road',37),
	(202,'14-2015','2015-01-02','Georgia','Win',64,56,'SEC','home',32),
	(203,'14-2015','2014-12-29','Pine Bluff','Win',83,26,'Non-Conference','home',32),
	(204,'14-2015','2014-12-21','Miami OH','Win',68,42,'Non-Conference','neutral',32),
	(205,'14-2015','2014-12-20','Illinois-Chicago','Win',73,36,'Non-Conference','neutral',37),
	(206,'14-2015','2014-12-17','Louisiana','Win',66,51,'Non-Conference','road',32),
	(207,'14-2015','2014-12-15','MS Valley State','Win',104,41,'Non-Conference','home',32),
	(208,'14-2015','2014-12-14','Southern Miss','Win',73,46,'Non-Conference','road',37),
	(209,'14-2015','2014-12-11','Louisiana Tech','Win',81,77,'Non-Conference','home',32),
	(210,'14-2015','2014-12-07','SE Louisiana','Win',97,36,'Non-Conference','home',32),
	(211,'14-2015','2014-12-02','North Dakota St.','Win',109,58,'Non-Conference','home',32),
	(212,'14-2015','2014-11-29','New Orleans','Win',85,45,'Non-Conference','road',37),
	(213,'14-2015','2014-11-25','UL Monroe','Win',80,46,'Non-Conference','home',32),
	(214,'14-2015','2014-11-23','Western Kentucky','Win',88,77,'Non-Conference','home',32),
	(215,'14-2015','2014-11-20','West Virginia','Win',74,61,'Non-Conference','home',32),
	(216,'14-2015','2014-11-16','Arkansas State','Win',93,83,'Non-Conference','home',32),
	(217,'14-2015','2014-11-14','Mercer','Win',97,66,'Non-Conference','home',32),
	(218,'13-2014','2014-03-30','South Florida','Loss',58,60,'WNIT Quarterfinals','wnit',39),
	(219,'13-2014','2014-03-27','Auburn','Win',59,54,'WNIT Round of 16','wnit',39),
	(220,'13-2014','2014-03-24','Southern Miss','Win',74,66,'WNIT Round of 32','wnit',39),
	(221,'13-2014','2014-03-20','Tulane','Win',77,68,'WNIT Round of 64','wnit',39),
	(222,'13-2014','2014-03-06','Florida','Loss',67,71,'SECT Second Round','secT',36),
	(223,'13-2014','2014-03-05','Missouri','Win',73,70,'SECT First Round','secT',36),
	(224,'13-2014','2014-03-02','Georgia','Loss',48,77,'SEC','road',40),
	(225,'13-2014','2014-02-27','Kentucky','Loss',74,81,'SEC','home',39),
	(226,'13-2014','2014-02-23','Ole Miss','Win',72,70,'SEC','home',36),
	(227,'13-2014','2014-02-20','Alabama','Loss',64,72,'SEC','road',40),
	(228,'13-2014','2014-02-16','Vanderbilt','Win',64,62,'SEC','home',41),
	(229,'13-2014','2014-02-09','Auburn','Loss',43,51,'SEC','road',39),
	(230,'13-2014','2014-02-06','South Carolina','Loss',64,71,'SEC','home',39),
	(231,'13-2014','2014-02-02','Georgia','Win',80,67,'SEC','home',39),
	(232,'13-2014','2014-01-30','LSU','Loss',56,65,'SEC','road',40),
	(233,'13-2014','2014-01-26','Missouri','Win',69,62,'SEC','home',39),
	(234,'13-2014','2014-01-23','Ole Miss','Loss',85,87,'SEC','road',40),
	(235,'13-2014','2014-01-19','Texas A&M','Loss',35,73,'SEC','road',40),
	(236,'13-2014','2014-01-16','Tennessee','Loss',63,67,'SEC','home',39),
	(237,'13-2014','2014-01-12','Arkansas','Win',54,50,'SEC','road',40),
	(238,'13-2014','2014-01-05','Auburn','Loss',74,82,'SEC','home',39),
	(239,'13-2014','2014-01-02','Florida','Loss',72,82,'SEC','road',40),
	(254,'13-2014','2013-12-30','MS Valley State','Win',98,58,'Non-Conference','home',39),
	(255,'13-2014','2013-12-20','SE Louisiana','Win',109,57,'Non-Conference','home',39),
	(256,'13-2014','2013-12-17','North Dakota St.','Win',72,62,'Non-Conference','road',40),
	(257,'13-2014','2013-12-14','Southern Miss','Win',71,61,'Non-Conference','home',39),
	(258,'13-2014','2013-12-07','Alabama State','Win',75,49,'Non-Conference','home',39),
	(259,'13-2014','2013-12-04','Louisiana','Win',78,51,'Non-Conference','home',39),
	(260,'13-2014','2013-12-01','Middle Tennessee','Loss',48,62,'Non-Conference','neutral',40),
	(261,'13-2014','2013-11-30','James Madison','Win',65,62,'Non-Conference','neutral',39),
	(262,'13-2014','2013-11-29','Grand Canyon','Win',81,63,'Non-Conference','neutral',39),
	(263,'13-2014','2013-11-26','Savannah St.','Win',81,63,'Non-Conference','home',39),
	(264,'13-2014','2013-11-21','Tennessee Tech','Win',90,45,'Non-Conference','home',39),
	(265,'13-2014','2013-11-17','New Orleans','Win',111,38,'Non-Conference','home',39),
	(266,'13-2014','2013-11-13','Jackson State','Win',81,42,'Non-Conference','home',39),
	(267,'13-2014','2013-11-08','Houston','Win',76,88,'Non-Conference','road',40),
	(268,'12-2013','2013-03-06','Alabama','Loss',36,63,'SECT First Round','secT',42),
	(269,'12-2013','2013-03-03','Auburn','Loss',65,74,'SEC','road',43),
	(270,'12-2013','2013-02-28','Georgia','Win',50,38,'SEC','home',42),
	(271,'12-2013','2013-02-24','South Carolina','Loss',43,58,'SEC','road',43),
	(272,'12-2013','2013-02-21','Alabama','Win',75,51,'SEC','home',42),
	(273,'12-2013','2013-02-17','LSU','Loss',41,63,'SEC','home',44),
	(274,'12-2013','2013-02-14','Ole Miss','Loss',51,65,'SEC','road',43),
	(275,'12-2013','2013-02-10','Missouri','Win',61,56,'SEC','road',43),
	(276,'12-2013','2013-02-03','Arkansas','Win',47,44,'SEC','home',42),
	(277,'12-2013','2013-01-31','Tennessee','Loss',45,88,'SEC','road',43),
	(278,'12-2013','2013-01-27','Ole Miss','Win',72,57,'SEC','home',42),
	(279,'12-2013','2013-01-24','Texas A&M','Loss',33,81,'SEC','home',42),
	(280,'12-2013','2013-01-17','Kentucky','Loss',47,100,'SEC','road',43),
	(281,'12-2013','2013-01-13','LSU','Loss',42,62,'SEC','road',43),
	(282,'12-2013','2013-01-10','Florida','Loss',55,61,'SEC','home',42),
	(283,'12-2013','2013-01-06','South Carolina','Loss',46,60,'SEC','home',42),
	(284,'12-2013','2013-01-03','Vanderbilt','Loss',41,92,'SEC','road',43),
	(285,'12-2013','2012-12-29','Troy','Win',82,60,'Non-Conference','home',42),
	(286,'12-2013','2012-12-28','Northwestern State','Win',65,49,'Non-Conference','home',42),
	(287,'12-2013','2012-12-20','Jacksonville State','Win',69,54,'Non-Conference','home',42),
	(288,'12-2013','2012-12-16','Florida A&M','Win',67,57,'Non-Conference','home',42),
	(289,'12-2013','2012-12-07','Florida Atlantic','Win',59,58,'Non-Conference','road',42),
	(290,'12-2013','2012-12-01','Southern Miss','Loss',59,61,'Non-Conference','road',43),
	(291,'12-2013','2012-11-28','Savannah St.','Win',70,55,'Non-Conference','home',42),
	(292,'12-2013','2012-11-22','UCF','Loss',56,64,'Non-Conference','neutral',42),
	(293,'12-2013','2012-11-21','UCSB','Loss',43,60,'Non-Conference','neutral',43),
	(294,'12-2013','2012-11-20','Winthrop','Loss',59,61,'Non-Conference','neutral',42),
	(295,'12-2013','2012-11-16','Louisiana Tech','Win',57,55,'Non-Conference','home',42),
	(296,'12-2013','2012-11-12','Hampton','Win',57,55,'Non-Conference','home',42),
	(297,'12-2013','2012-11-09','Houston','Win',72,66,'Non-Conference','home',42),
	(298,'11-2012','2012-03-01','Vanderbilt','Loss',51,67,'SECT First Round','secT',45),
	(299,'10-2011','2011-03-04','Vanderbilt','Loss',55,69,'SECT Quarterfinals','secT',46),
	(300,'10-2011','2011-03-03','Auburn','Win',49,47,'SECT First Round','secT',46),
	(301,'09-2010','2010-03-28','Florida State','Loss',71,74,'NCAA Sweet Sixteen','ncaaSsEe',50),
	(302,'09-2010','2010-03-23','Ohio State','Win',87,67,'NCAA Round of 32','ncaa',50),
	(303,'09-2010','2010-03-21','Middle Tennessee','Win',68,64,'NCAA Round of 64','ncaa',48),
	(304,'09-2010','2010-03-06','Kentucky','Loss',65,76,'SECT Semifinals','secT',49),
	(305,'09-2010','2010-03-05','Georgia','Win',67,52,'SECT Quarterfinals','secT',47),
	(306,'08-2009','2009-03-23','Ohio State','Loss',58,64,'NCAA Round of 32','ncaa',53),
	(307,'08-2009','2009-03-21','Texas','Win',71,63,'NCAA Round of 64','ncaa',53),
	(308,'08-2009','2009-03-06','LSU','Loss',58,63,'SECT Quarterfinals','secT',52),
	(309,'08-2009','2009-03-05','South Carolina','Win',49,39,'SECT First Round','secT',51),
	(310,'07-2008','2008-03-24','Southern Miss','Loss',61,62,'WNIT Round of 32','wnit',54),
	(311,'07-2008','2008-03-06','Ole Miss','Loss',49,54,'SECT First Round','secT',54),
	(312,'06-2007','2007-03-22','Western Kentucky','Loss',53,56,'WNIT Round of 16','wnit',56),
	(313,'06-2007','2007-03-18','Tulane','Win',79,73,'WNIT Round of 32','wnit',55),
	(314,'06-2007','2007-03-01','Florida','Loss',63,69,'SECT First Round','secT',55),
	(315,'11-2012','2012-02-26','Kentucky','Loss',40,76,'SEC','home',57),
	(316,'11-2012','2012-02-23','Florida','Loss',45,79,'SEC','road',45),
	(317,'11-2012','2012-02-19','Arkansas','Loss',53,67,'SEC','road',45),
	(318,'11-2012','2012-02-16','Tennessee','Loss',41,57,'SEC','home',58),
	(319,'11-2012','2012-02-12','Ole Miss','Win',53,50,'SEC','home',58),
	(320,'11-2012','2012-02-09','LSU','Loss',49,53,'SEC','road',45),
	(321,'11-2012','2012-02-05','Vanderbilt','Loss',59,65,'SEC','home',57),
	(322,'11-2012','2012-02-02','Georgia','Loss',60,70,'SEC','road',45),
	(323,'11-2012','2012-01-29','South Carolina','Loss',43,69,'SEC','road',45),
	(324,'11-2012','2012-01-26','Arkansas','Loss',35,51,'SEC','home',57),
	(325,'11-2012','2012-01-22','Auburn','Win',62,57,'SEC','home',57),
	(326,'11-2012','2012-01-19','Ole Miss','Win',51,46,'SEC','road',45),
	(327,'11-2012','2012-01-15','Georgia','Loss',51,68,'SEC','home',57),
	(328,'11-2012','2012-01-12','Alabama','Win',66,61,'SEC','road',45),
	(329,'11-2012','2012-01-08','Kentucky','Loss',40,88,'SEC','road',45),
	(330,'11-2012','2012-01-05','LSU','Loss',48,53,'SEC','home',57),
	(331,'10-2011','2011-02-27','Ole Miss','Win',65,55,'SEC','home',59),
	(332,'10-2011','2011-02-24','Alabama','Win',68,55,'SEC','road',46),
	(333,'10-2011','2011-02-20','Florida','Loss',63,78,'SEC','road',46),
	(334,'10-2011','2011-02-17','Vanderbilt','Loss',62,74,'SEC','home',57),
	(335,'10-2011','2011-02-13','South Carolina','Loss',53,60,'SEC','home',57),
	(336,'10-2011','2011-02-10','Ole Miss','Win',59,43,'SEC','road',46),
	(337,'10-2011','2011-02-06','Auburn','Win',57,45,'SEC','road',46),
	(338,'10-2011','2011-02-03','Alabama','Loss',61,66,'SEC','home',57),
	(339,'10-2011','2011-01-30','Florida','Loss',60,67,'SEC','home',57),
	(340,'10-2011','2011-01-27','Tennessee','Loss',55,81,'SEC','road',46),
	(341,'10-2011','2011-01-23','Georgia','Loss',58,78,'SEC','road',46),
	(342,'10-2011','2011-01-20','Auburn','Loss',41,45,'SEC','home',57),
	(343,'10-2011','2011-01-16','Kentucky','Loss',60,72,'SEC','road',46),
	(344,'10-2011','2011-01-13','LSU','Loss',55,72,'SEC','home',57),
	(345,'10-2011','2011-01-09','Arkansas','Loss',56,61,'SEC','home',57),
	(346,'10-2011','2011-01-06','Vanderbilt','Loss',44,65,'SEC','road',46),
	(347,'05-2006','2006-03-02','Florida','Loss',83,98,'SECT First Round','secT',60),
	(348,'04-2005','2005-03-03','Arkansas','Loss',73,80,'SECT First Round','secT',61),
	(349,'03-2004','2004-03-05','Tennessee','Loss',57,67,'SECT Quarterfinals','secT',65),
	(350,'03-2004','2004-03-04','Arkansas','Win',79,74,'SECT First Round','secT',63),
	(351,'02-2003','2003-03-08','Tennessee','Loss',75,79,'SECT Semifinals','secT',65),
	(352,'02-2003','2003-03-07','South Carolina','Win',79,75,'SECT Quarterfinals','secT',64),
	(353,'01-2002','2002-02-28','Kentucky','Loss',72,75,'SECT First Round','secT',67),
	(354,'00-2001','2001-03-01','Arkansas','Loss',76,94,'SECT First Round','secT',69),
	(355,'99-2000','2000-03-05','Tennessee','Loss',67,70,'SECT Championship','secT',69),
	(356,'99-2000','2000-03-04','Georgia','Win',62,61,'SECT Semifinals','secT',69),
	(357,'99-2000','2000-03-03','Auburn','Win',66,56,'SECT Quarterfinals','secT',69),
	(358,'99-2000','2000-03-02','Ole Miss','Win',75,59,'SECT First Round','secT',68),
	(359,'98-1999','1999-02-26','Georgia','Loss',66,72,'SECT Quarterfinals','secT',70),
	(360,'98-1999','1999-02-25','Arkansas','Win',79,70,'SECT First Round','secT',71),
	(361,'97-1998','1998-02-27','Tennessee','Loss',60,88,'SECT Quarterfinals','secT',72),
	(362,'97-1998','1998-02-26','Kentucky','Win',67,48,'SECT First Round','secT',72),
	(363,'04-2005','2005-03-17','Arkansas State','Loss',61,78,'WNIT Round of 32','wnit',62),
	(364,'00-2001','2001-03-20','James Madison','Loss',61,63,'WNIT Quarterfinals','wnit',67),
	(365,'00-2001','2001-03-17','Illinois','Win',86,77,'WNIT Round of 16','wnit',69),
	(366,'00-2001','2001-03-15','Georgia Tech','Win',77,73,'WNIT Round of 32','wnit',67),
	(367,'97-1998','1998-03-15','Baylor','Loss',70,75,'WNIT Round of 16','wnit',72),
	(368,'02-2003','2003-03-24','New Mexico','Loss',61,73,'NCAA Round of 32','ncaa',64),
	(369,'02-2003','2003-03-22','Manhattan','Win',73,47,'NCAA Round of 64','ncaa',64),
	(370,'01-2002','2002-03-17','Texas Tech','Loss',55,77,'NCAA Round of 32','ncaa',66),
	(371,'01-2002','2002-03-15','Boston College','Win',65,59,'NCAA Round of 64','ncaa',66),
	(372,'99-2000','2000-03-19','UAB','Loss',72,78,'NCAA Round of 32','ncaa',68),
	(373,'99-2000','2000-03-17','Saint Peter\'s','Win',94,60,'NCAA Round of 64','ncaa',68),
	(374,'98-1999','1999-03-13','NC State','Loss',57,76,'NCAA Round of 64','ncaa',71),
	(375,'20-2021','2020-11-29','Jackson State','Win',88,58,'Non-Conference','home',73),
	(376,'20-2021','2020-12-02','New Orleans','Win',106,51,'Non-Conference','home',73),
	(377,'20-2021','2020-12-05','South Florida','Loss',63,67,'Non-Conference','road',75),
	(378,'20-2021','2020-12-14','Troy','Win',103,76,'Non-Conference','home',73),
	(379,'20-2021','2020-12-18','Southern','Win',79,55,'Non-Conference','home',73),
	(380,'20-2021','2020-12-20','Central Arkansas','Win',72,49,'Non-Conference','home',73),
	(381,'20-2021','2020-12-31','Georgia','Win',69,62,'SEC','road',75),
	(382,'20-2021','2021-01-03','Kentucky','Loss',86,92,'SEC','home',73),
	(383,'20-2021','2021-01-07','Florida','Win',68,56,'SEC','road',75),
	(384,'20-2021','2021-01-10','Ole Miss','Win',60,56,'SEC','home',75),
	(385,'20-2021','2021-01-14','Alabama','Loss',78,86,'SEC','home',73),
	(386,'20-2021','2021-01-17','Texas A&M','Loss',41,69,'SEC','road',75),
	(387,'20-2021','2021-01-28','South Carolina','Loss',52,75,'SEC','home',73),
	(388,'20-2021','2021-02-11','Arkansas','Loss',80,86,'SEC','road',74),
	(389,'20-2021','2021-02-21','Alabama','Loss',63,71,'SEC','road',78),
	(390,'20-2021','2021-02-23','Auburn','Win',81,68,'SEC','home',77),
	(391,'20-2021','2021-02-25','LSU','Win',68,59,'SEC','road',75),
	(392,'20-2021','2021-02-28','Missouri','Loss',57,77,'SEC','home',73),
	(393,'20-2021','2021-03-04','LSU','Loss',62,71,'SECT Second Round','secT',79);

/*!40000 ALTER TABLE `game` ENABLE KEYS */;
UNLOCK TABLES;


# Dump of table opponent
# ------------------------------------------------------------

DROP TABLE IF EXISTS `opponent`;

CREATE TABLE `opponent` (
  `opponentName` varchar(30) NOT NULL,
  `conference` varchar(30) DEFAULT NULL,
  `colorA` varchar(30) DEFAULT NULL,
  `colorB` varchar(30) DEFAULT NULL,
  PRIMARY KEY (`opponentName`)
) ENGINE=InnoDB DEFAULT CHARSET=utf8mb4;

LOCK TABLES `opponent` WRITE;
/*!40000 ALTER TABLE `opponent` DISABLE KEYS */;

INSERT INTO `opponent` (`opponentName`, `conference`, `colorA`, `colorB`)
VALUES
	('Abilene Christian','Southland','#42216e','white'),
	('Air Force','Mountian West','#094b9a','#aca9a7'),
	('Akron','MAC','#aa9a68','#00183f'),
	('Alabama','SEC','#91002a','white'),
	('Alabama A&M','SWAC','#6f000c','white'),
	('Alabama State','SWAC','black','#f49d00'),
	('Alcorn State','SWAC','#b79e6a','#491e6a'),
	('Appalachian St.','Sun Belt','black','#ffd600'),
	('Arizona','Pac 12','#0c234b','#ab0520'),
	('Arizona State','Pac 12','#4f0e26','#ffc523'),
	('Arkansas','SEC','#992231','white'),
	('Arkansas State','Sun Belt','black','#d02030'),
	('Auburn','SEC','#092647','#e85e33'),
	('Austin Peay','Ohio Valley','#bb032b','white'),
	('Baylor','Big 12','#003926','#ffab09'),
	('Belmont','Ohio Valley','#052157','#b92b35'),
	('Beth-Cookman','Mid-Eastern','#870035','#febb0c'),
	('Boise State','Mountian West','#003d8f','#f3552e'),
	('Boston College','ACC','#b69452','#84061c'),
	('Bowling Green','MAC','#4f2c1d','#fe5000'),
	('Bradley','Missouri Valley','#ba232e','b5b4b4'),
	('Butler','Big East','#002346','white'),
	('BYU','West Coast','#002255','white'),
	('Cal St. Fullerton','Big West','#072348','#f08031'),
	('Centenary','D-III','#950034','white'),
	('Central Arkansas','Southland','#552784','white'),
	('Central Michigan','MAC','#f7c145','#611031'),
	('Charleston Southern','Big South','#012650','#a8996e'),
	('Chattanooga','Southern','#072e54','#ffb500'),
	('Cincinnati','American','black','#e51937'),
	('Clayton State','D-II','#004a92','#ff5c00'),
	('Clemson','ACC','#e12c08','white'),
	('Coastal Carolina','Sun Belt','#008185','white'),
	('Colorado State','Mountian West','#0e2e1d','#a58749'),
	('Columbia','Ivy League','#9accea','#113663'),
	('Connecticut','Big East','#02254B','white'),
	('Coppin State','Mid-Eastern','#0a3154','#ffc60d'),
	('Dayton','Atlantic 10','#ef0027','white'),
	('Delaware','Colonial','#2769a5','white'),
	('DePaul','Big East','#0068b1','#e11936'),
	('Detroit Mercy','Horizon','#a5093e','#002d71'),
	('Duke','ACC','#0736a4','white'),
	('Duquesne','Atlantic 10','#06193b','#c42c47'),
	('E Washington','Big Sky','#d40028','black'),
	('East Carolina','American','#4a2d7e','#f7c44b'),
	('East Tennessee St.','Southern','#04193d','#fcb620'),
	('Eastern Illinois','Ohio Valley','#0a3693','white'),
	('Eastern Kentucky','Ohio Valley','#6e0225','white'),
	('Eastern Michigan','MAC','#006d3d','white'),
	('Elon','Colonial','#691a15','#b59d66'),
	('FIU','Conference USA','#02244a','#cea73b'),
	('FL Gulf Coast','Atlantic Sun','#004587','#01794b'),
	('Florida','SEC','#273991','#ea2600'),
	('Florida A&M','Mid-Eastern','#f77b00','#00823e'),
	('Florida Atlantic','Conference USA','#1e3160','#c12037'),
	('Florida State','ACC','#d2b885','#79233a'),
	('Furman','Southern','#561c87','white'),
	('Gardner-Webb','Big South','#bb112e','white'),
	('Georgetown','Big East','#cbc1b0','#011d3f'),
	('Georgia','SEC','#bf0514','white'),
	('Georgia Southern','Sun Belt','#10213f','#a69366'),
	('Georgia State','Sun Belt','#17459b','white'),
	('Georgia Tech','ACC','#b5a269','#012441'),
	('Grambling','SWAC','black','#eead00'),
	('Grand Canyon','WAC','#511e9a','white'),
	('Green Bay','Horizon','#0c5741','white'),
	('Hampton','Big South','#00539d','white'),
	('Hartford','America East','#d0001b','white'),
	('Hawaii','Mountian West','#00462d','white'),
	('Holy Cross','Patriot League','#55317d','white'),
	('Houston','American','#ca1528','white'),
	('Illinois','Big Ten','#e0311b','#0b1a39'),
	('Illinois-Chicago','Horizon','#011d40','#b90027'),
	('Indiana','Big Ten','#a5243b','white'),
	('Indiana State','Missouri Valley','#144aaf','white'),
	('Iowa','Big Ten','black','#ffcc00'),
	('Iowa State','Big 12','#961530','#ffc500'),
	('Jackson State','SWAC','#002147','white'),
	('Jacksonville','Atlantic Sun','#014c41','white'),
	('Jacksonville State','Ohio Valley','#ce2323','white'),
	('James Madison','Colonial','#4d0089','#b7a361'),
	('Kansas','Big 12','#0554ba','#d8091b'),
	('Kansas City','WAC','#004f81','#ffcc00'),
	('Kansas State','Big 12','#b2b1b1','#5e3788'),
	('Kennesaw St.','Atlantic Sun','#ffc000','black'),
	('Kent State','MAC','#052344','#e9ab21'),
	('Kentucky','SEC','#00419c','white'),
	('Lamar','Southland','#e01e36','white'),
	('Lehigh','Patriot League','#c2aa75','#663400'),
	('Liberty','Atlantic Sun','#002244','#d2001c'),
	('Lipscomb','Atlantic Sun','#352b5a','#f4b944'),
	('Little Rock','Sun Belt','#601428','white'),
	('Long Beach St.','Big West','black','#eaab1f'),
	('Louisiana','Sun Belt','#a60d1d','white'),
	('Louisiana Tech','Conference USA','#cb333b','#003087'),
	('Louisville','ACC','#ca0e33','white'),
	('Loyola Chicago','Missouri Valley','#571d1f','#fdb814'),
	('LSU','SEC','#f4ac3d','#2c1359'),
	('Maine','America East','#032a53','#3098d4'),
	('Manhattan','MAAC','#00703c','white'),
	('Marist','MAAC','#d4353d','white'),
	('Marquette','Big East','#003476','#ffc800'),
	('Marshall','Conference USA','#419756','white'),
	('McNeese St.','Southland','#07569e','#fcd209'),
	('Memphis','American','#144bbf','white'),
	('Mercer','Southern','#ff5d00','black'),
	('Miami FL','ACC','#005030','#f05a00'),
	('Miami OH','MAC','#b6191d','white'),
	('Michigan','Big Ten','#0c2345','#f2c101'),
	('Michigan State','Big Ten','#1b5346','white'),
	('Middle Tennessee','Conference USA','#a8a8a8','#1666d3'),
	('Missouri','SEC','black','#ec8504'),
	('Missouri State','Missouri Valley','#48121b','white'),
	('Monmouth','MAAC','#19325e','white'),
	('Morehead State','Ohio Valley','#005cb1','#ffd500'),
	('Mount St. Mary\'s','Northeast','#0f294a','#827553'),
	('MS Valley State','SWAC','#0c3e28','#cb2a37'),
	('Murray State','Ohio Valley','#043163','#fcb724'),
	('N Colorado','Big Sky','#072b55','#ffb300'),
	('Navy','American','#021743','#a28b39'),
	('NC A&T','Mid-Eastern','#014586','#fdba21'),
	('NC Central','Mid-Eastern','#a5002a','#9fa1a4'),
	('NC State','ACC','#b51231','white'),
	('Nebraska','Big Ten','#e41c38','white'),
	('New Mexico','Mountain West','#aaa9a9','#be1e2e'),
	('New Mexico St.','WAC','#710820','white'),
	('New Orleans','Southland','#192857','#2772b3'),
	('Nicholls State','Southland','#b0b7bb','#c41230'),
	('Norfolk State','Mid-Eastern','#044631','#f8a607'),
	('North Carolina','ACC','#6ba1cc','#0b1b39'),
	('North Dakota St.','Summit League','#005841','#ffc700'),
	('North Florida','Atlantic Sun','#031b49','white'),
	('North Georgia','D-II','#002c8c','#ffc700'),
	('North Texas','Conference USA','#079446','white'),
	('Northwestern','Big Ten','#431f81','white'),
	('Northwestern State','Southland','#f2682a','#492f91'),
	('Notre Dame','ACC','#052342','#b79842'),
	('Ohio State','Big Ten','#b2b8be','#d0073b'),
	('Oklahoma','Big 12','#841626','white'),
	('Oklahoma State','Big 12','black','#ff6c00'),
	('Old Dominion','Conference USA','#003a69','#b0b6bb'),
	('Ole Miss','SEC','#0e2143','#d2233a'),
	('Oral Roberts','Summit League','#0d1f40','#c4b588'),
	('Oregon','Pac 12','#05834f','#ffe115'),
	('Oregon State','Pac 12','#db4405','black'),
	('Penn State','Big Ten','#032759','white'),
	('Pepperdine','West Coast','#052158','#e07c3b'),
	('Pine Bluff','SWAC','black','#fab100'),
	('Pittsburgh','ACC','#06329b','#ffb400'),
	('Portland','West Coast','#0b054b','white'),
	('Prairie View','SWAC','#4f2784','#ffc323'),
	('Princeton','Ivy League','#ff6b07','black'),
	('Providence','Big East','black','#9a9a97'),
	('Purdue','Big Ten','#ccb996','black'),
	('Quinnipiac','MAAC','#13223c','#f5b745'),
	('Radford','Big South','#C02428','white'),
	('Rhode Island','Atlantic 10','#072144','#75abe3'),
	('Rice','Conference USA','#061838','white'),
	('Richmond','Atlantic 10','#042140','#cc0028'),
	('Rider','MAAC','#9d0035','#c2c3c6'),
	('Sacred Heart','Northeast','#be2d45','white'),
	('Saint Louis','Atlantic 10','#004c99','white'),
	('Saint Mary\'s','West Coast','#06315b','#d80024'),
	('Saint Peter\'s','MAAC','#082946','#007cc1'),
	('Sam Houston St.','Southland','#ff6813','white'),
	('Samford','Southern','#0c2341','#c00c31'),
	('San Diego','West Coast','#003d82','#66beee'),
	('San Diego State','Mountain West','black','#b52b36'),
	('San Francisco','West Coast','#00563b','#ffb900'),
	('San Jose State','Mountian West','#ffba12','#0035a9'),
	('Santa Clara','West Coast','#872130','white'),
	('Savannah St.','D-II','#011e96','#ff5a02'),
	('SC Upstate','Big South','#005a3b','white'),
	('SE Louisiana','Southland','#1a704d','#deb02e'),
	('SE Missouri St.','Ohio Valley','black','#d80025'),
	('SMU','American','#005dab','#cc0035'),
	('South Alabama','Sun Belt','#13182e','#b8143f'),
	('South Carolina','SEC','#6f1028','white'),
	('South Dakota St.','Summit League','#1e59a3','#fbdd4b'),
	('South Florida','American','#005740','#c0ac6e'),
	('Southern','SWAC','#44b0e6','#ffc700'),
	('Southern Illinois','Missouri Valley','#672b3d','white'),
	('Southern Miss','Conference USA','black','#ffc209'),
	('St. Bonaventure','Atlantic 10','#542113','#beb8b1'),
	('St. Joseph\'s','Atlantic 10','#922935','white'),
	('Stanford','Pac 12','#8d0027','white'),
	('Stephen F. Austin','Southland','#362170','white'),
	('Stetson','Atlantic Sun','#265642','white'),
	('Syracuse','ACC','#e64e1d','#162e57'),
	('TAMU CC','Southland','#2668b5','white'),
	('TCU','Big 12','#502e84','white'),
	('Tennessee','SEC','#e9863d','white'),
	('Tennessee State','Ohio Valley','#0053ab','white'),
	('Tennessee Tech','Ohio Valley','#71009f','#ffcb00'),
	('Texas','Big 12','#b55c22','white'),
	('Texas A&M','SEC','#370d0e','white'),
	('Texas Pan-Am','WAC','#007336','#ff7300'),
	('Texas Southern','SWAC','#888a8c','#650527'),
	('Texas Tech','Big 12','black','#ba0711'),
	('Troy','Sun Belt','#9e0531','#b3b5b8'),
	('Tulane','American','#006647','white'),
	('Tulsa','American','#003382','#fe0000'),
	('UAB','Conference USA','#ba9c60','#034f35'),
	('UCF','American','#be9446','black'),
	('UCLA','Pac 12','#015dae','#ffac0e'),
	('UCSB','Big West','#2b5391','#f7a931'),
	('UL Monroe','Sun Belt','#7b1627','#f9b82d'),
	('UM East. Shore','Mid-Eastern','#86212f','#898c8e'),
	('UMass','Atlantic 10','#6f0d14','white'),
	('UMass Lowell','America East','#1d5091','#be424a'),
	('UNC Asheville','Big South','#1e3fa2','white'),
	('UNLV','Mountian West','#c8c8c8','#e30026'),
	('USC','Pac 12','#9f1d32','#fdc800'),
	('UT Martin','Ohio Valley','#002649','#f8521c'),
	('Utah','Pac 12','#c32034','white'),
	('Utah State','Mountian West','#001e37','#9d968d'),
	('Utah Valley','WAC','#345b3b','white'),
	('UTEP','Conference USA','#e95a0f','#002d62'),
	('UTRGV','WAC','#ed4726','#11243e'),
	('UTSA','Conference USA','#002a61','#ff6d00'),
	('Vanderbilt','SEC','#a8996e','black'),
	('VCU','Atlantic 10','#fdb813','black'),
	('Villanova','Big East','#192857','#0baae1'),
	('Virginia','ACC','#f14d24','#091f40'),
	('Virginia Tech','ACC','#43020e','#ff6600'),
	('Wake Forest','ACC','black','#bba16a'),
	('Washington','Pac 12','#3c2e81','#e9bc77'),
	('Washington St.','Pac 12','#8b1435','white'),
	('West Virginia','Big 12','#002855','#eaaa00'),
	('Western Carolina','Southern','#6b18a5','#d5aa71'),
	('Western Illinois','Summit League','#4e2e84','#f8cc46'),
	('Western Kentucky','Conference USA','#b01e24','white'),
	('Western Michigan','MAC','#c19958','#35261c'),
	('Winthrop','Big South','#881e31','#ffb305'),
	('Wofford','Southern','#886e4c','black'),
	('Wright State','Horizon','#1e4f39','#dfa037'),
	('Xavier','Big East','#072241','white'),
	('Youngstown St.','Horizon','#b92b34','white');

/*!40000 ALTER TABLE `opponent` ENABLE KEYS */;
UNLOCK TABLES;


# Dump of table season
# ------------------------------------------------------------

DROP TABLE IF EXISTS `season`;

CREATE TABLE `season` (
  `yr` varchar(7) NOT NULL,
  `head_coach` varchar(30) DEFAULT NULL,
  `wins` int(11) DEFAULT NULL,
  `losses` int(11) DEFAULT NULL,
  `sec_wins` int(11) DEFAULT NULL,
  `sec_losses` int(11) DEFAULT NULL,
  PRIMARY KEY (`yr`)
) ENGINE=InnoDB DEFAULT CHARSET=utf8mb4;

LOCK TABLES `season` WRITE;
/*!40000 ALTER TABLE `season` DISABLE KEYS */;

INSERT INTO `season` (`yr`, `head_coach`, `wins`, `losses`, `sec_wins`, `sec_losses`)
VALUES
	('00-2001','Sharon Fanning-Otis',17,14,4,10),
	('01-2002','Sharon Fanning-Otis',19,12,8,6),
	('02-2003','Sharon Fanning-Otis',24,8,10,4),
	('03-2004','Sharon Fanning-Otis',14,15,7,7),
	('04-2005','Sharon Fanning-Otis',17,11,6,8),
	('05-2006','Sharon Fanning-Otis',6,22,1,13),
	('06-2007','Sharon Fanning-Otis',17,13,7,7),
	('07-2008','Sharon Fanning-Otis',16,15,4,10),
	('08-2009','Sharon Fanning-Otis',23,10,8,6),
	('09-2010','Sharon Fanning-Otis',21,12,9,7),
	('10-2011','Sharon Fanning-Otis',13,17,4,12),
	('11-2012','Sharon Fanning-Otis',14,16,4,12),
	('12-2013','Vic Schaefer',13,17,5,11),
	('13-2014','Vic Schaefer',22,14,5,11),
	('14-2015','Vic Schaefer',27,7,11,5),
	('15-2016','Vic Schaefer',28,8,11,5),
	('16-2017','Vic Schaefer',34,5,13,3),
	('17-2018','Vic Schaefer',37,2,16,0),
	('18-2019','Vic Schaefer',33,3,15,1),
	('19-2020','Vic Schaefer',27,6,13,3),
	('20-2021','Nikki McCray-Penson',0,0,0,0),
	('97-1998','Sharon Fanning-Otis',14,15,4,10),
	('98-1999','Sharon Fanning-Otis',17,11,7,7),
	('99-2000','Sharon Fanning-Otis',24,8,8,6);

/*!40000 ALTER TABLE `season` ENABLE KEYS */;
UNLOCK TABLES;


# Dump of table uniform
# ------------------------------------------------------------

DROP TABLE IF EXISTS `uniform`;

CREATE TABLE `uniform` (
  `uniformID` int(11) NOT NULL AUTO_INCREMENT,
  `uColor` varchar(30) DEFAULT NULL,
  `uName` varchar(100) DEFAULT NULL,
  `uImage` varchar(100) DEFAULT NULL,
  PRIMARY KEY (`uniformID`)
) ENGINE=InnoDB AUTO_INCREMENT=80 DEFAULT CHARSET=utf8mb4;

LOCK TABLES `uniform` WRITE;
/*!40000 ALTER TABLE `uniform` DISABLE KEYS */;

INSERT INTO `uniform` (`uniformID`, `uColor`, `uName`, `uImage`)
VALUES
	(1,'white','2020 white uniforms danberry','https://i.imgur.com/0AhfR0F.png'),
	(2,'maroon','2020 maroon uniforms jackson','https://i.imgur.com/NH4iUgA.png'),
	(3,'black','2020 black uniforms carter','https://i.imgur.com/LQ6DclL.png'),
	(4,'white','2020 white state uniforms matharu','https://i.imgur.com/kLBuBel.png'),
	(5,'pink','2020 pink uniforms taylor','https://i.imgur.com/ckTj7si.png'),
	(6,'white','2019 white uniforms mccowan','https://i.imgur.com/eNcnOeR.png'),
	(7,'white','2019 ncaa white uniforms mccowan','https://i.imgur.com/Ti80FmY.png'),
	(8,'maroon','2019 maroon uniforms howard','https://i.imgur.com/V7mMrsD.png'),
	(9,'black','2019 black uniforms danberry','https://i.imgur.com/fIxi3I8.png'),
	(10,'gray','2019 gray uniforms bibby','https://i.imgur.com/3DuAcDs.png'),
	(11,'white','2019 white state uniforms holmes','https://i.imgur.com/4MH36WS.png'),
	(12,'white','2019 ncaa white state uniforms holmes','https://i.imgur.com/tE8oSNT.png'),
	(13,'cream','2019 harlem cream uniforms espinoza-hunter','https://i.imgur.com/9cqG1sM.png'),
	(14,'cream','2019 ncaa harlem cream uniforms espinoza-hunter','https://i.imgur.com/Vwd1DoV.png'),
	(15,'pink','2019 pink uniforms scott','https://i.imgur.com/IxkSwgj.png'),
	(16,'white','2017 white uniforms vivians','https://i.imgur.com/A7n7fdg.png'),
	(17,'white','2018 ncaa white uniforms vivians','https://i.imgur.com/QJiZtUS.png'),
	(18,'white','2018 final four white uniforms vivians','https://i.imgur.com/23h7adC.png'),
	(19,'maroon','2018 maroon uniforms william','https://i.imgur.com/HezkBRv.png'),
	(20,'black','2017 black uniforms mccowan','https://i.imgur.com/xLesJvl.png'),
	(21,'white','2018 white state uniforms johnson','https://i.imgur.com/veQRcE2.png'),
	(22,'gray','2018 gray uniforms schaefer','https://i.imgur.com/1WZeE04.png'),
	(23,'pink','2018 pink uniforms holmes','https://i.imgur.com/zud1pmm.png'),
	(24,'white','2017 made in march white uniforms vivians','https://i.imgur.com/gBeuq79.png'),
	(25,'white','2017 ncaa made in march white uniforms vivians','https://i.imgur.com/LZYZVOu.png'),
	(26,'maroon','2017 ncaa made in march maroon uniforms william','https://i.imgur.com/ceXX316.png'),
	(27,'maroon','2017 final four made in march maroon uniforms william','https://i.imgur.com/8Ywj4PU.png'),
	(28,'maroon','2017 maroon uniforms william','https://i.imgur.com/ZHrp7ZI.png'),
	(29,'white','2017 white state uniforms dillingham','https://i.imgur.com/NVSUD0C.png'),
	(30,'gray','2017 gray uniforms richardson','https://i.imgur.com/MFiDPGt.png'),
	(31,'white','2016 white pink uniforms okorie','https://i.imgur.com/4oUBolk.png'),
	(32,'white','2015 white uniforms vivians','https://i.imgur.com/TnqXvvq.png'),
	(33,'white','2015 ncaa white uniforms vivians','https://i.imgur.com/SonKmkf.png'),
	(34,'maroon','2016 maroon uniforms william','https://i.imgur.com/V3BEqPi.png'),
	(35,'maroon','2016 ncaa maroon uniforms william','https://i.imgur.com/PvKDNDF.png'),
	(36,'black','2014 black uniforms dillingham','https://i.imgur.com/h418HVz.png'),
	(37,'maroon','2015 maroon uniforms alwal','https://i.imgur.com/Rl2xAeN.png'),
	(38,'maroon','2015 ncaa maroon uniforms alwal','https://i.imgur.com/9FE2RWR.png'),
	(39,'white','2014 white uniforms alwal','https://i.imgur.com/ZBpMfF0.png'),
	(40,'maroon','2014 maroon uniforms richardson','https://i.imgur.com/HlF0vdr.png'),
	(41,'pink','2014 pink uniforms grant','https://i.imgur.com/s7jBy1k.png'),
	(42,'white','2013 white uniforms alwal','https://i.imgur.com/pPpg5Fw.png'),
	(43,'maroon','2013 maroon uniforms grant','https://i.imgur.com/3HSMkWB.png'),
	(44,'white','2013 white pink uniforms williams','https://i.imgur.com/fE1QVgO.png'),
	(45,'maroon','2012 maroon uniforms porter','https://i.imgur.com/TOarYUd.png'),
	(46,'maroon','2011 maroon uniforms govero','https://i.imgur.com/bCzn5Lh.png'),
	(47,'white','2010 white uniforms rack','https://i.imgur.com/Wr3G7tl.png'),
	(48,'white','2010 ncaa white uniforms rack','https://i.imgur.com/bbRnUOy.png'),
	(49,'maroon','2010 maroon uniforms mokango','https://i.imgur.com/eIjA2Ku.png'),
	(50,'maroon','2010 ncaa maroon uniforms mokango','https://i.imgur.com/Q97PjIM.png'),
	(51,'white','2009 white uniforms rack','https://i.imgur.com/e1V4uxV.png'),
	(52,'maroon','2009 maroon uniforms lumanu','https://i.imgur.com/wL8nswo.png'),
	(53,'maroon','2009 ncaa maroon uniforms lumanu','https://i.imgur.com/877gEfG.png'),
	(54,'maroon','2008 maroon uniforms grimes','https://i.imgur.com/YCGKk3T.png'),
	(55,'white','2007 white uniforms jackson','https://i.imgur.com/IBPpyPN.png'),
	(56,'maroon','2007 maroon uniforms rack','https://i.imgur.com/uO7OFu8.png'),
	(57,'white','2011 white uniforms','https://i.imgur.com/6bi5LZE.png'),
	(58,'black','2012 black uniforms','https://i.imgur.com/fnjCJx1.png'),
	(59,'black','2011 black uniforms','https://i.imgur.com/6SzDIkq.png'),
	(60,'maroon','2006 maroon uniforms mckinney','https://i.imgur.com/UvnAJRD.png'),
	(61,'white','2005 white uniforms burns','https://i.imgur.com/FUrgE1E.png'),
	(62,'maroon','2005 maroon uniforms tan','https://i.imgur.com/vCXJ4bz.png'),
	(63,'white','2004 white uniforms burns','https://i.imgur.com/j51fX81.png'),
	(64,'white','2003 white uniforms thomas','https://i.imgur.com/Z8QIRrd.png'),
	(65,'maroon','2003 maroon uniforms tan','https://i.imgur.com/gsadece.png'),
	(66,'maroon','2002 maroon uniforms tan','https://i.imgur.com/6aPKCG9.png'),
	(67,'white','2001 white uniforms thomas','https://i.imgur.com/bveLWDN.png'),
	(68,'white','2000 white uniforms thomas','https://i.imgur.com/dBCzOdz.png'),
	(69,'maroon','2000 maroon uniforms fambrough','https://i.imgur.com/hasFsh9.png'),
	(70,'maroon','1999 maroon uniforms perry','https://i.imgur.com/u1ZykDm.png'),
	(71,'white','1998 white uniforms graham','https://i.imgur.com/UhQLC4A.png'),
	(72,'maroon','1998 maroon uniforms thompson','https://i.imgur.com/BSk3sqA.png'),
	(73,'white','2021 white uniforms jackson','https://i.imgur.com/c0CsDkj.png'),
	(74,'maroon','2021 maroon state uniforms carter','https://i.imgur.com/VGJrSUo.png'),
	(75,'black','2021 black state uniforms matharu','https://i.imgur.com/E4BysPb.png'),
	(76,'gray','2021 gray uniforms taylor','https://i.imgur.com/WIyMJA1.png'),
	(77,'pink','2021 pink uniforms hayes','https://i.imgur.com/FOWAyi4.png'),
	(78,'maroon','2021 maroon uniforms mingo young','https://i.imgur.com/aGFRnRi.png'),
	(79,'maroon','2021 made in march maroon uniforms taylor','https://i.imgur.com/glESxw5.png');

/*!40000 ALTER TABLE `uniform` ENABLE KEYS */;
UNLOCK TABLES;



/*!40111 SET SQL_NOTES=@OLD_SQL_NOTES */;
/*!40101 SET SQL_MODE=@OLD_SQL_MODE */;
/*!40014 SET FOREIGN_KEY_CHECKS=@OLD_FOREIGN_KEY_CHECKS */;
/*!40101 SET CHARACTER_SET_CLIENT=@OLD_CHARACTER_SET_CLIENT */;
/*!40101 SET CHARACTER_SET_RESULTS=@OLD_CHARACTER_SET_RESULTS */;
/*!40101 SET COLLATION_CONNECTION=@OLD_COLLATION_CONNECTION */;
